year,region,crop_type,rainfall_mm,temperature_celsius,fertilizer_kg_per_ha,pesticide_kg_per_ha,farm_size_ha,soil_type,elevation_m,irrigation,yield_kg_per_ha
2008,Nyanza,Sorghum,893.8,24.7,57.4,2.99,0.62,loam,1540,0,1419.7
2015,Central,Maize,1203.2,17.3,29.7,1.11,0.4,volcanic,2261,1,1543.3
2004,Central,Sorghum,1287.9,19.5,39.5,0.37,2.43,volcanic,1895,1,665.1
2021,Central,Wheat,1109.3,21.6,25.9,3.61,2.0,volcanic,2043,1,3214.6
2010,Nyanza,Maize,1681.7,19.9,10.1,2.77,0.96,clay,1469,0,1014.3
2020,Western,Coffee,1477.9,23.3,40.5,0.39,0.68,clay,1404,1,650.7
2006,Western,Beans,1616.5,25.3,34.6,4.48,1.53,clay,1813,0,422.0
2004,Rift Valley,Coffee,814.4,23.0,31.2,1.29,0.79,volcanic,1852,1,1264.1
2014,North Eastern,Beans,338.6,30.9,6.9,1.06,1.24,clay,370,0,123.3
2008,Central,Wheat,1233.2,19.0,57.8,3.03,2.05,loam,2104,1,3811.2
2020,Coast,Maize,1374.1,27.9,59.0,1.95,0.41,sandy,95,0,454.6
2008,North Eastern,Coffee,270.3,31.3,22.3,1.84,2.24,sandy,242,0,100.0
2014,Coast,Tea,630.3,29.9,73.8,5.0,3.18,loam,8,1,1449.8
2022,Coast,Coffee,1292.9,25.7,18.0,3.53,1.27,loam,364,0,318.1
2012,Rift Valley,Beans,1334.0,16.2,3.0,3.68,0.84,loam,2501,1,759.2
2011,North Eastern,Tea,269.7,28.0,0.0,4.9,2.21,sandy,548,1,229.8
2022,Western,Coffee,2095.9,23.5,48.3,1.02,2.01,clay,1901,1,576.0
2020,Western,Maize,1580.9,25.0,27.8,2.14,0.41,loam,1228,0,1394.7
2015,Rift Valley,Sorghum,675.5,17.2,60.4,2.91,1.99,volcanic,2092,1,1058.0
2000,Coast,Wheat,568.4,27.5,0.0,2.79,1.74,sandy,288,0,324.8
2003,Rift Valley,Sorghum,578.0,19.7,24.5,2.13,1.68,loam,2116,1,888.3
2008,Nyanza,Coffee,1277.2,25.0,17.5,4.19,1.5,clay,1796,0,506.1
2006,Rift Valley,Maize,969.3,18.3,49.9,4.72,2.21,volcanic,2360,1,3056.7
2010,Coast,Maize,813.4,31.1,66.0,3.42,4.86,loam,432,0,1003.3
2009,Rift Valley,Sorghum,561.4,18.8,20.2,0.84,1.53,volcanic,1651,1,1069.1
2017,North Eastern,Beans,258.0,23.4,0.0,2.55,2.07,sandy,232,0,158.8
2020,Western,Wheat,1765.6,20.4,19.2,3.73,1.78,loam,1216,0,1116.3
2006,North Eastern,Wheat,187.0,34.7,32.0,2.69,1.29,clay,229,0,255.7
2003,Coast,Wheat,575.3,30.0,34.6,0.42,3.48,sandy,556,0,325.9
2011,Coast,Coffee,1520.5,26.3,28.9,2.81,0.58,sandy,45,0,181.8
2009,North Eastern,Beans,354.2,30.6,0.0,2.53,3.19,sandy,193,0,100.0
2021,Central,Tea,1404.5,21.9,67.7,3.35,2.05,volcanic,2519,1,13514.1
2008,North Eastern,Wheat,338.6,33.8,56.0,5.59,2.0,sandy,398,0,234.0
2003,Central,Wheat,1252.2,18.6,54.2,3.26,0.85,volcanic,2532,1,4152.6
2001,Eastern,Tea,436.9,25.1,62.5,0.0,1.8,clay,601,0,1483.7
2010,Western,Tea,1349.7,20.2,20.9,3.28,0.95,clay,1887,1,6945.6
2007,Coast,Maize,650.2,28.2,45.0,0.89,2.18,loam,47,0,838.2
2012,Central,Maize,1328.7,21.2,84.1,2.62,0.1,loam,2144,1,2501.5
2014,Coast,Tea,879.3,22.0,23.4,1.76,3.56,sandy,87,0,962.6
2013,Rift Valley,Coffee,1048.0,22.4,46.8,5.38,0.46,volcanic,2007,1,1279.0
2014,Western,Sorghum,1921.2,21.1,40.4,0.0,0.54,loam,1373,0,229.5
2022,Coast,Tea,1430.7,24.3,0.0,2.63,0.99,sandy,574,0,717.5
2008,Western,Maize,1512.6,23.8,44.3,3.86,1.08,clay,1877,0,1600.7
2014,Rift Valley,Sorghum,585.4,16.9,59.9,2.88,1.23,volcanic,2330,1,960.7
2003,Central,Beans,1277.3,18.7,26.4,0.0,1.95,loam,2838,1,805.5
2007,Rift Valley,Sorghum,963.0,19.4,62.5,3.52,1.54,loam,1611,1,1131.5
2009,Nyanza,Wheat,1658.1,24.6,16.9,3.59,3.93,loam,1637,0,1179.8
2015,Nyanza,Coffee,1269.7,22.4,44.4,1.78,3.25,loam,1558,0,696.5
2016,North Eastern,Wheat,153.9,31.2,47.3,4.24,1.53,clay,176,0,256.2
2016,Rift Valley,Wheat,959.2,17.8,69.0,0.82,1.62,volcanic,2362,1,4532.0
2003,Eastern,Sorghum,576.3,33.0,47.3,2.03,2.57,sandy,1234,0,545.5
2012,Nyanza,Coffee,1862.2,21.9,31.3,3.72,0.43,loam,1106,0,679.9
2022,Western,Coffee,1452.5,23.4,40.5,0.19,1.51,clay,1633,0,609.6
2012,Coast,Coffee,1118.3,27.2,45.8,5.61,2.48,loam,409,0,362.2
2003,Eastern,Tea,426.2,23.0,48.3,1.65,0.76,sandy,1050,0,1283.9
2015,Coast,Maize,1325.8,28.9,39.5,3.73,3.57,loam,286,1,1098.6
2000,Nyanza,Beans,1403.7,20.6,34.7,4.56,3.13,loam,1213,0,848.3
2017,Nyanza,Wheat,977.8,20.4,66.3,3.57,0.66,clay,1781,0,1833.0
2019,Rift Valley,Sorghum,1128.2,19.6,51.7,0.0,1.75,volcanic,1561,1,799.9
2015,Western,Coffee,1591.4,23.8,86.9,0.4,1.26,loam,1769,0,630.1
2011,Central,Coffee,1315.4,16.3,78.8,3.61,3.23,volcanic,1551,1,1476.4
2002,North Eastern,Sorghum,110.8,28.7,41.3,2.09,0.6,sandy,586,0,479.4
2009,North Eastern,Maize,305.5,34.0,2.5,2.67,1.21,sandy,540,1,228.3
2020,Central,Wheat,1292.9,19.3,41.3,5.02,7.23,volcanic,1900,1,3926.6
2018,Coast,Beans,859.7,28.7,39.1,3.22,1.42,loam,152,0,297.1
2021,Central,Sorghum,1104.4,16.9,66.8,0.0,1.37,loam,2585,1,556.7
2022,Coast,Coffee,854.0,29.9,54.1,2.47,0.92,sandy,507,0,127.8
2017,North Eastern,Sorghum,274.9,31.0,46.4,3.13,4.18,sandy,466,1,709.2
2003,Rift Valley,Wheat,1004.5,18.8,85.4,3.83,2.02,loam,2219,1,3748.2
2004,Central,Beans,1440.0,16.0,2.5,3.43,0.87,loam,1886,1,664.6
2003,North Eastern,Coffee,316.0,24.4,16.8,2.08,1.09,sandy,584,0,100.0
2012,Western,Tea,1491.6,23.1,28.8,3.5,0.82,clay,1774,0,5723.0
2004,Western,Wheat,1441.8,24.8,48.8,0.0,0.8,loam,1952,0,886.3
2017,North Eastern,Sorghum,365.2,29.2,65.4,3.24,0.57,sandy,461,0,766.5
2015,Western,Wheat,1693.2,22.3,70.9,2.87,1.02,clay,1495,0,1030.4
2006,Western,Coffee,2333.9,19.9,5.8,1.91,0.45,clay,1405,0,440.4
2018,Coast,Beans,811.2,26.6,14.1,2.63,0.63,loam,360,1,392.4
2019,Coast,Wheat,734.2,29.6,19.9,1.95,0.16,loam,293,0,497.8
2022,Nyanza,Coffee,1824.6,26.7,37.1,3.02,0.68,loam,1596,0,547.4
2005,Nyanza,Sorghum,1533.1,24.5,21.5,2.41,0.14,loam,1573,0,498.6
2022,Nyanza,Sorghum,1728.4,25.5,77.4,1.75,0.82,clay,1614,0,347.0
2000,Western,Beans,1696.7,24.2,80.2,4.04,1.61,loam,1394,0,773.9
2005,Coast,Sorghum,393.7,28.3,36.8,0.72,1.55,sandy,305,1,563.3
2017,Rift Valley,Sorghum,849.5,16.5,72.6,0.35,0.99,volcanic,1603,1,885.6
2004,Coast,Tea,1133.5,29.7,57.8,0.83,0.85,loam,355,0,1119.8
2006,North Eastern,Beans,239.0,28.7,41.4,1.66,0.5,sandy,476,0,128.3
2020,Coast,Sorghum,742.3,26.6,33.5,2.1,0.86,sandy,516,1,507.0
2003,North Eastern,Tea,250.2,33.3,77.7,4.81,0.96,clay,370,1,351.4
2016,Coast,Sorghum,516.0,28.0,13.5,5.66,0.32,sandy,89,0,400.5
2023,Central,Tea,1459.5,16.8,44.3,2.36,3.21,volcanic,2389,1,13927.7
2015,Rift Valley,Sorghum,662.8,18.4,53.2,3.27,1.62,volcanic,1673,1,1211.9
2000,Coast,Maize,1331.8,26.9,23.7,2.62,2.47,sandy,488,1,635.9
2003,Coast,Beans,672.3,27.4,64.3,2.71,6.85,sandy,482,1,316.3
2018,Central,Wheat,1405.9,16.3,23.1,3.89,1.07,volcanic,2825,1,2946.4
2020,Coast,Maize,1344.9,28.6,65.4,2.93,0.6,sandy,49,0,440.4
2004,Central,Beans,1241.1,15.4,24.0,1.75,4.58,loam,2974,1,1007.4
2015,Western,Beans,1830.0,24.0,28.1,1.58,0.65,clay,1962,1,504.7
2000,North Eastern,Sorghum,381.8,30.7,57.1,2.51,2.83,clay,368,0,899.4
2023,Coast,Maize,660.0,28.7,22.1,4.09,6.93,loam,494,1,932.8
2004,Western,Tea,1730.7,20.9,39.5,5.71,4.52,clay,1648,0,6723.3
2003,Western,Beans,1989.8,21.9,15.1,0.79,1.72,loam,1562,0,411.5
2004,Eastern,Beans,544.3,26.5,39.3,2.07,1.95,sandy,765,0,280.8
2008,Rift Valley,Maize,791.2,20.7,2.7,1.7,0.96,loam,2514,1,1656.8
2009,Coast,Sorghum,777.7,29.6,71.6,3.87,2.83,sandy,22,0,461.2
2004,Nyanza,Tea,1599.6,26.9,22.4,1.93,1.59,clay,1311,0,3012.7
2002,Eastern,Wheat,726.7,25.2,12.5,1.79,10.59,sandy,1253,1,657.0
2002,Coast,Wheat,981.5,29.0,57.5,1.53,0.58,sandy,9,0,301.4
2017,Western,Tea,1895.2,22.8,20.7,1.31,1.45,loam,1270,0,4040.6
2023,Western,Tea,1373.4,22.3,46.3,0.27,2.07,loam,1465,1,8257.7
2010,Western,Beans,1555.2,22.8,53.9,3.6,0.68,loam,1766,0,706.7
2013,North Eastern,Sorghum,221.4,27.8,82.4,3.97,0.25,sandy,250,1,919.4
2006,Central,Sorghum,1095.6,15.2,64.5,1.92,2.44,loam,2974,1,530.6
2001,Rift Valley,Sorghum,593.5,16.7,59.4,3.81,1.74,volcanic,2463,1,876.5
2003,North Eastern,Wheat,208.5,34.8,0.0,2.29,3.07,sandy,305,0,160.9
2001,Coast,Wheat,1205.7,27.7,63.3,3.3,0.29,sandy,330,0,372.4
2011,Central,Tea,898.0,16.6,36.1,3.31,1.58,loam,2893,1,10681.4
2014,North Eastern,Coffee,245.4,31.2,21.5,0.69,3.22,clay,275,0,100.0
2012,North Eastern,Sorghum,217.6,33.0,2.3,0.21,1.33,sandy,466,0,353.2
2012,Central,Wheat,1352.6,18.8,42.5,4.9,1.57,volcanic,1752,1,3276.3
2007,North Eastern,Coffee,293.1,30.4,35.7,4.21,1.05,sandy,497,0,100.0
2012,Eastern,Coffee,680.7,20.0,42.5,5.41,0.67,clay,758,0,499.4
2000,North Eastern,Sorghum,324.7,30.2,50.8,1.12,1.52,clay,424,1,877.9
2002,Coast,Maize,923.5,31.0,0.0,4.14,3.23,loam,138,0,510.3
2004,Nyanza,Maize,1794.9,17.2,15.5,1.13,0.76,clay,1536,0,884.2
2016,Eastern,Sorghum,513.7,22.2,66.0,0.0,3.21,sandy,678,0,678.9
2013,Eastern,Coffee,556.5,25.7,0.0,2.06,1.6,clay,656,0,245.8
2000,Eastern,Tea,359.2,24.6,61.3,1.94,3.48,sandy,715,0,1321.3
2002,Eastern,Wheat,603.8,17.6,3.0,3.73,0.92,clay,937,0,1004.3
2014,Rift Valley,Wheat,758.9,17.3,53.1,1.42,1.41,volcanic,2043,1,4327.4
2021,Eastern,Maize,442.5,18.4,38.3,2.32,3.89,sandy,778,0,640.8
2002,Eastern,Tea,654.5,26.9,41.8,4.72,0.61,sandy,659,1,1241.4
2015,Central,Wheat,1435.4,14.4,50.7,0.0,0.75,volcanic,2413,1,2356.5
2003,North Eastern,Tea,267.7,31.0,18.3,4.4,0.19,sandy,400,0,168.9
2014,North Eastern,Tea,313.8,24.0,42.4,0.83,1.52,sandy,307,0,235.0
2022,North Eastern,Coffee,322.7,27.8,60.8,0.6,1.89,sandy,454,0,100.0
2018,Central,Sorghum,1311.1,15.2,31.7,2.06,2.67,volcanic,2644,1,456.2
2019,North Eastern,Coffee,357.4,31.2,61.0,2.99,1.49,sandy,296,0,100.0
2009,Rift Valley,Coffee,1099.1,22.4,7.2,0.0,0.87,loam,1856,1,899.9
2014,North Eastern,Maize,298.0,33.1,73.7,1.81,2.87,sandy,481,0,243.1
2020,Central,Coffee,1164.9,18.3,42.0,4.44,0.82,volcanic,2297,1,1647.5
2018,Nyanza,Maize,1476.1,20.4,37.3,1.42,0.62,loam,1140,0,1570.0
2010,Rift Valley,Wheat,1038.6,14.9,22.3,2.0,2.21,volcanic,1832,1,4091.0
2016,North Eastern,Sorghum,102.4,25.8,35.0,0.76,1.01,sandy,247,0,618.9
2015,Central,Coffee,910.7,16.1,61.7,2.46,2.09,loam,2961,1,1343.0
2019,Nyanza,Coffee,1561.2,24.3,6.1,4.01,0.91,loam,1154,0,587.3
2013,Rift Valley,Maize,956.0,13.7,5.0,2.23,1.43,volcanic,1830,1,1430.9
2018,Central,Coffee,1145.4,18.2,45.6,5.25,0.46,volcanic,1845,1,1574.6
2023,Western,Coffee,1572.2,20.2,25.3,4.35,2.9,clay,1798,0,684.2
2023,Central,Coffee,1438.3,16.8,17.6,1.91,1.53,loam,2151,1,1078.6
2023,Nyanza,Tea,1295.5,25.0,39.2,2.22,0.56,loam,1239,0,4592.6
2001,Central,Beans,1102.6,16.3,24.6,0.56,0.98,loam,2850,1,864.2
2023,North Eastern,Sorghum,319.7,31.9,48.0,0.0,0.74,clay,500,0,646.8
2002,North Eastern,Coffee,368.3,31.4,40.0,1.62,0.63,clay,475,0,100.0
2015,Central,Tea,1029.9,15.9,55.1,2.17,0.52,volcanic,2195,1,16919.2
2010,Eastern,Beans,483.2,30.2,23.7,5.66,1.38,clay,1156,0,248.7
2002,Nyanza,Beans,1722.0,24.7,23.8,0.62,1.11,clay,1677,0,440.7
2012,Eastern,Wheat,206.3,20.7,8.6,3.01,0.94,clay,827,0,863.0
2008,Eastern,Coffee,241.1,26.4,57.5,2.03,3.24,sandy,1368,0,254.1
2014,North Eastern,Maize,298.8,32.3,10.4,4.22,1.71,sandy,560,0,214.4
2013,Western,Coffee,1315.9,22.5,26.9,4.17,4.15,loam,1476,1,978.7
2015,Western,Coffee,1613.5,19.3,51.1,3.45,2.18,clay,1716,0,761.8
2000,Coast,Tea,1055.8,30.6,44.5,0.27,3.73,sandy,108,0,479.8
2002,North Eastern,Sorghum,338.5,31.8,37.2,3.01,2.77,sandy,372,0,560.4
2001,Nyanza,Sorghum,1191.0,24.2,45.2,1.69,0.67,loam,1526,0,746.0
2010,Nyanza,Sorghum,1290.5,21.3,19.1,0.0,5.69,loam,1508,0,526.5
2016,Eastern,Maize,742.1,28.6,22.9,2.67,2.16,clay,1310,0,805.5
2023,Western,Wheat,1645.0,23.7,38.0,1.24,2.28,clay,1664,0,842.3
2017,North Eastern,Coffee,165.5,38.5,6.9,2.51,3.01,sandy,558,1,100.0
2022,Nyanza,Coffee,1684.9,23.5,16.1,0.0,1.04,loam,1502,1,701.9
2014,Western,Tea,1754.6,26.0,42.5,2.17,1.13,clay,1295,1,4848.2
2014,Coast,Tea,562.8,32.1,31.9,2.22,0.79,sandy,271,0,476.0
2002,Western,Coffee,1778.9,26.8,83.7,1.47,4.21,clay,1300,0,520.3
2001,Western,Wheat,1982.5,23.3,21.5,0.1,1.07,loam,1607,0,633.1
2005,Rift Valley,Maize,800.0,20.1,35.3,2.21,1.8,loam,1729,1,2155.8
2000,Central,Wheat,1454.2,15.0,7.6,3.07,0.76,volcanic,2690,1,2732.7
2017,Coast,Coffee,1155.7,29.0,40.0,3.12,4.15,sandy,205,0,155.0
2009,Nyanza,Maize,777.7,23.0,62.4,2.22,2.25,clay,1298,0,1709.0
2019,Western,Tea,1792.1,22.4,50.2,8.39,0.31,clay,1992,0,7393.1
2023,Eastern,Beans,638.3,25.3,28.5,0.24,13.48,sandy,918,0,239.6
2017,Central,Sorghum,1299.4,19.1,16.0,0.0,2.46,volcanic,1693,1,466.9
2021,Central,Sorghum,695.8,17.3,35.7,1.03,0.41,loam,2467,1,548.9
2011,Coast,Beans,1356.7,29.4,47.0,4.11,1.33,loam,580,1,356.5
2002,North Eastern,Sorghum,322.8,33.7,27.3,3.19,0.31,clay,233,0,576.6
2023,Eastern,Tea,650.1,19.4,32.7,2.94,1.96,clay,537,0,2504.4
2016,Central,Tea,1082.7,17.4,54.3,0.0,3.04,loam,2613,1,11081.9
2014,Coast,Coffee,1477.6,26.8,11.1,3.46,4.58,sandy,193,1,227.2
2010,Central,Coffee,902.0,14.5,46.5,4.54,1.39,loam,1728,1,1089.1
2007,Rift Valley,Maize,755.2,18.6,31.0,1.32,1.34,volcanic,1540,1,2307.6
2023,Nyanza,Coffee,728.5,18.8,27.9,3.19,0.2,clay,1612,0,590.6
2005,Western,Wheat,1487.2,21.7,45.9,0.0,0.45,clay,1776,0,974.4
2013,Rift Valley,Wheat,646.0,21.4,27.7,1.99,3.73,loam,2185,1,2543.1
2000,Central,Sorghum,1032.9,19.2,57.3,1.75,2.02,volcanic,2082,1,715.0
2021,Rift Valley,Coffee,862.3,21.4,60.4,3.88,0.98,volcanic,2192,1,1321.4
2011,Rift Valley,Wheat,923.5,15.7,94.2,3.28,1.56,loam,2433,1,4101.0
2005,Nyanza,Maize,1405.4,25.4,28.0,3.12,2.45,clay,1414,0,1105.4
2022,Western,Wheat,2013.2,26.2,39.3,1.74,1.2,clay,1229,0,473.2
2002,North Eastern,Maize,206.7,27.5,37.2,2.96,0.94,sandy,563,0,413.3
2005,Central,Coffee,818.1,19.6,41.5,1.88,1.27,volcanic,2811,1,1541.7
2016,Coast,Coffee,1148.9,26.9,50.2,5.4,2.39,loam,433,0,378.9
2013,North Eastern,Beans,186.4,27.8,95.6,0.94,0.52,clay,305,0,227.9
2003,Nyanza,Tea,1447.3,23.4,39.5,3.27,0.77,loam,1437,0,6049.3
2019,Nyanza,Wheat,1216.5,22.9,31.4,1.46,0.5,clay,1356,1,1376.1
2000,Central,Wheat,720.4,14.2,0.0,5.67,1.57,loam,2845,1,2473.8
2019,Eastern,Tea,513.0,17.1,23.6,1.86,1.13,sandy,1110,0,1540.1
2015,Western,Sorghum,1858.5,21.2,58.2,2.69,1.24,clay,1247,1,257.0
2013,Eastern,Beans,481.5,19.8,41.5,4.08,0.63,clay,668,0,551.3
2018,North Eastern,Beans,176.6,32.1,29.9,2.9,1.66,sandy,239,0,100.0
2022,Rift Valley,Maize,1006.1,17.7,40.8,2.03,1.48,loam,2798,1,1448.5
2019,Nyanza,Maize,1380.1,22.3,64.5,0.68,1.83,loam,1112,0,1569.0
2001,Central,Sorghum,1409.9,15.9,66.3,2.8,5.77,volcanic,2561,1,452.9
2006,Coast,Maize,1308.9,27.3,29.8,1.38,1.24,sandy,143,0,460.4
2015,Nyanza,Coffee,1349.9,23.6,35.0,4.91,1.9,clay,1193,0,667.3
2012,Coast,Maize,1149.7,28.5,40.5,4.04,0.58,sandy,341,0,592.8
2001,Eastern,Sorghum,171.5,23.1,52.9,3.58,1.42,clay,1308,0,1264.0
2002,North Eastern,Tea,218.4,34.6,33.7,4.8,0.86,sandy,374,0,146.2
2017,North Eastern,Maize,262.3,25.7,59.2,4.19,0.35,clay,265,1,903.9
2008,Western,Wheat,1309.3,21.7,30.7,4.64,3.06,loam,1750,0,1567.8
2022,Rift Valley,Beans,767.1,18.8,67.3,2.43,1.85,volcanic,1726,1,1376.9
2000,Nyanza,Beans,1079.0,23.5,46.4,0.01,2.3,loam,1777,0,626.5
2023,Central,Maize,853.8,20.0,40.8,3.16,2.63,volcanic,2420,1,1992.8
2019,North Eastern,Beans,281.1,30.0,20.9,3.26,1.31,sandy,433,0,100.0
2000,Coast,Maize,1151.2,29.0,12.3,2.32,1.63,sandy,416,0,400.9
2013,Rift Valley,Beans,1008.0,18.1,66.5,2.45,1.58,loam,1684,1,1190.3
2004,Eastern,Coffee,425.2,25.8,37.0,5.06,3.05,sandy,1391,0,249.5
2001,North Eastern,Tea,302.4,30.8,11.4,4.43,1.47,clay,487,0,234.9
2016,Central,Maize,1139.9,16.1,44.4,2.55,0.81,loam,2818,1,1139.0
2019,North Eastern,Tea,208.3,31.7,69.8,3.59,2.58,sandy,511,1,230.3
2004,Rift Valley,Beans,768.8,21.5,30.1,2.94,1.51,volcanic,1666,1,1524.6
2004,Nyanza,Beans,2152.5,26.6,69.9,2.0,7.38,loam,1557,0,352.0
2019,Nyanza,Coffee,1241.7,20.7,31.0,0.0,0.86,loam,1436,1,822.4
2016,Western,Wheat,1048.1,21.5,63.6,0.81,2.2,clay,1474,0,1221.5
2018,North Eastern,Maize,301.2,30.2,35.7,2.06,1.92,clay,580,0,402.5
2020,Coast,Tea,1187.0,31.3,36.5,0.81,1.29,loam,458,0,694.3
2017,Western,Coffee,1706.4,24.4,12.6,1.44,1.1,loam,1311,0,494.1
2020,Central,Wheat,1251.4,16.5,40.2,2.01,1.2,volcanic,2791,1,3432.9
2006,North Eastern,Beans,247.1,33.1,32.4,5.62,1.83,sandy,253,0,100.0
2016,Coast,Wheat,932.1,28.7,58.3,1.3,3.84,loam,73,0,578.6
2013,North Eastern,Sorghum,249.1,27.3,45.0,0.0,1.19,clay,590,0,864.6
2013,North Eastern,Beans,304.0,24.1,37.3,3.35,1.2,clay,316,0,248.0
2012,Central,Coffee,800.0,12.8,66.4,2.43,1.53,loam,2619,1,768.0
2014,Nyanza,Tea,1597.8,21.4,46.1,2.13,3.4,clay,1748,0,4320.5
2021,Central,Wheat,1332.7,22.2,49.6,1.12,1.04,loam,2779,1,2346.4
2002,Coast,Maize,1356.1,26.1,31.7,1.41,1.68,sandy,384,0,502.0
2017,Eastern,Sorghum,565.2,21.7,56.9,1.69,1.26,sandy,893,1,743.7
2008,Central,Tea,1243.3,16.4,35.6,3.65,0.65,volcanic,2263,1,17640.2
2010,North Eastern,Coffee,220.9,32.0,68.5,1.87,2.29,sandy,156,0,100.0
2004,Nyanza,Maize,1760.1,21.7,19.1,3.3,3.1,loam,1739,0,1636.4
2006,Coast,Maize,1412.7,27.2,80.7,5.49,1.23,loam,160,0,1112.8
2013,North Eastern,Beans,342.9,28.3,0.0,4.54,2.3,clay,584,0,141.8
2000,Coast,Maize,1130.5,27.2,50.8,2.96,0.67,sandy,503,0,605.7
2001,Central,Sorghum,954.8,21.4,55.3,2.5,2.89,loam,2216,1,1076.9
2001,Western,Beans,1889.3,21.7,25.3,3.93,3.09,loam,1760,0,497.2
2005,Coast,Tea,181.2,28.0,30.8,0.91,0.92,sandy,287,0,497.4
2003,North Eastern,Maize,206.8,30.4,29.9,4.27,3.38,clay,454,0,464.2
2008,North Eastern,Tea,329.7,28.9,47.5,2.46,2.97,sandy,522,0,181.9
2015,Nyanza,Sorghum,1516.6,22.5,18.2,6.7,0.96,clay,1109,1,448.1
2007,Nyanza,Maize,1146.1,26.5,35.7,1.0,1.05,clay,1112,0,987.1
2009,Coast,Maize,943.2,27.8,0.0,2.21,2.42,sandy,345,1,480.5
2008,North Eastern,Coffee,340.6,27.2,57.4,4.53,1.8,clay,470,0,188.1
2022,Western,Sorghum,1562.5,19.8,66.0,1.71,0.83,clay,1781,0,233.5
2011,Nyanza,Coffee,1339.3,22.6,11.2,3.92,2.63,clay,1192,1,779.3
2021,North Eastern,Coffee,316.6,35.0,39.9,3.5,0.63,clay,462,0,100.0
2004,North Eastern,Sorghum,394.7,27.9,50.6,4.53,0.95,sandy,390,0,786.9
2010,Central,Beans,1399.3,16.0,8.9,1.86,3.86,loam,2432,1,798.6
2014,Coast,Coffee,257.0,29.0,70.4,2.67,0.66,loam,351,0,278.5
2020,Rift Valley,Sorghum,1069.1,20.2,70.3,1.69,4.36,volcanic,2314,1,975.2
2002,Coast,Coffee,1288.8,30.3,38.8,2.17,1.54,loam,199,0,219.7
2011,Central,Coffee,1075.1,18.5,40.6,3.54,2.89,loam,2320,1,1378.1
2008,Central,Wheat,1234.8,15.8,7.6,3.44,1.12,volcanic,1601,1,3235.9
2021,Eastern,Beans,481.5,19.9,41.4,1.27,0.64,clay,888,0,484.3
2011,Western,Wheat,1672.3,26.9,27.2,1.7,0.87,loam,1509,1,877.7
2004,Rift Valley,Sorghum,837.4,19.0,15.0,3.41,2.5,loam,2249,1,787.1
2019,Coast,Coffee,1125.4,26.7,49.9,1.25,1.02,loam,430,0,394.9
2018,Nyanza,Wheat,1865.4,24.8,24.8,2.04,1.49,loam,1564,0,709.2
2015,Coast,Coffee,1215.9,25.4,20.9,3.21,3.81,loam,549,1,451.9
2005,Coast,Tea,751.5,28.2,49.0,2.81,1.86,sandy,500,1,832.6
2003,Eastern,Coffee,459.9,24.4,41.5,3.95,2.66,clay,996,0,414.8
2001,North Eastern,Sorghum,184.5,30.4,74.7,5.85,2.11,clay,253,1,1323.9
2013,Nyanza,Coffee,869.6,23.0,38.9,3.48,1.42,loam,1183,1,941.8
2010,North Eastern,Beans,418.2,28.8,44.5,3.9,0.5,clay,153,0,165.8
2011,Nyanza,Beans,640.9,22.4,62.0,5.44,0.57,clay,1771,0,844.3
2012,Western,Sorghum,1797.8,21.4,16.4,3.15,2.94,loam,1818,0,242.8
2009,Coast,Tea,736.6,26.0,37.7,3.15,1.51,loam,101,0,1254.4
2014,North Eastern,Maize,349.1,30.5,63.1,0.67,1.87,sandy,334,0,259.6
2008,Western,Coffee,1567.3,24.3,22.5,1.29,2.74,clay,1477,0,473.0
2000,Coast,Beans,900.5,24.9,46.2,0.83,0.77,loam,46,0,390.9
2023,Rift Valley,Maize,955.3,20.7,40.3,4.68,1.12,loam,1641,1,3155.1
2022,Central,Beans,1214.8,19.4,13.2,2.02,1.49,volcanic,2998,1,908.2
2013,Rift Valley,Sorghum,733.4,21.1,40.4,2.56,0.58,volcanic,2322,1,1108.3
2019,Coast,Coffee,822.2,28.0,0.0,0.85,0.87,sandy,452,0,147.2
2016,Western,Maize,1214.3,21.7,30.3,1.05,1.19,loam,1267,0,1752.9
2007,Eastern,Sorghum,326.4,27.5,56.5,3.22,3.49,sandy,1496,0,841.7
2023,North Eastern,Tea,273.9,30.2,90.5,3.06,0.32,clay,321,1,337.1
2020,Rift Valley,Sorghum,460.5,21.5,43.8,1.93,2.46,volcanic,2161,1,1446.4
2015,Nyanza,Tea,1478.5,22.3,57.6,3.0,1.08,loam,1420,0,6043.2
2007,Nyanza,Sorghum,1305.2,23.6,48.8,3.75,3.31,clay,1236,1,896.4
2007,North Eastern,Coffee,336.2,34.0,22.1,1.77,4.56,sandy,600,1,100.0
2018,Western,Wheat,1396.5,22.4,44.5,4.45,3.27,clay,1359,0,1177.3
2020,Nyanza,Maize,1443.0,24.2,59.2,3.69,1.2,clay,1309,1,1769.3
2000,Rift Valley,Sorghum,1132.3,18.6,9.9,3.76,4.39,volcanic,2190,1,753.3
2020,North Eastern,Tea,375.0,31.6,66.3,2.2,0.32,sandy,349,0,194.5
2004,Rift Valley,Maize,933.6,20.9,50.0,1.18,2.27,volcanic,2173,1,2713.0
2019,Nyanza,Tea,1121.3,22.0,38.5,5.33,1.59,clay,1527,0,4438.4
2010,Coast,Tea,231.3,27.6,88.3,3.68,1.33,sandy,29,1,893.8
2009,North Eastern,Sorghum,298.7,25.3,46.6,3.75,0.33,clay,561,1,1503.1
2001,Eastern,Beans,521.4,24.9,46.5,2.73,1.91,clay,628,0,399.3
2019,Western,Wheat,1457.4,19.6,40.7,0.71,2.58,loam,1665,0,1406.1
2005,Coast,Tea,1257.0,28.8,47.9,1.86,1.85,loam,577,0,1020.1
2016,North Eastern,Coffee,135.0,27.1,0.0,2.29,0.61,sandy,390,1,100.0
2012,Central,Beans,1366.0,17.7,44.4,4.05,5.19,loam,2974,1,939.9
2003,Western,Sorghum,1203.2,21.6,52.5,5.21,0.58,clay,1345,0,576.3
2012,Coast,Wheat,1156.7,27.1,22.4,1.61,3.99,loam,562,0,548.5
2022,Western,Wheat,1466.2,22.7,25.4,3.64,2.18,loam,1284,0,1438.9
2003,Western,Wheat,1524.5,25.2,48.0,2.75,2.43,clay,1243,0,931.3
2008,Coast,Maize,953.0,26.9,86.0,1.36,2.73,sandy,147,0,599.0
2018,Nyanza,Sorghum,922.1,23.9,39.6,3.33,1.58,loam,1688,0,1228.7
2016,North Eastern,Beans,397.7,29.4,26.6,4.06,0.88,sandy,381,0,142.6
2002,Nyanza,Tea,1257.3,21.3,26.3,0.47,1.28,clay,1525,0,3506.4
2022,Central,Tea,1205.2,16.4,38.4,0.0,1.56,volcanic,2060,1,11865.0
2012,Rift Valley,Beans,915.2,20.5,49.6,0.64,2.48,volcanic,2414,1,1477.3
2014,Western,Beans,1157.2,22.9,3.4,0.66,0.32,loam,1235,0,586.5
2001,Western,Beans,1574.5,22.1,48.0,1.32,1.86,clay,1354,0,535.8
2002,Rift Valley,Tea,969.5,19.2,47.1,2.79,1.92,loam,2716,1,12191.1
2002,Rift Valley,Sorghum,743.6,18.1,16.6,0.0,2.23,volcanic,2759,1,852.1
2018,Nyanza,Wheat,1755.5,25.1,60.2,2.64,0.85,loam,1284,0,850.0
2020,Central,Wheat,1696.1,16.0,38.3,0.5,0.77,loam,1786,1,2357.2
2013,Rift Valley,Beans,1201.0,16.8,43.3,4.74,0.54,loam,2754,1,1096.2
2011,North Eastern,Maize,306.6,27.8,71.0,2.67,3.08,sandy,499,0,408.3
2004,Central,Sorghum,1234.4,18.1,16.5,1.16,2.05,loam,2270,1,418.2
2015,Western,Tea,1343.3,22.3,42.7,2.17,1.75,clay,1262,1,6405.0
2000,Western,Wheat,1775.3,20.2,42.9,1.28,2.4,clay,1821,0,960.4
2020,Coast,Wheat,1554.4,30.0,37.6,3.59,1.02,sandy,487,1,304.0
2015,Rift Valley,Maize,1160.3,22.1,40.6,1.37,1.86,loam,2373,1,2203.3
2013,Eastern,Wheat,821.4,23.3,23.0,1.52,0.63,clay,781,1,942.3
2022,Central,Coffee,1239.6,17.7,43.0,2.05,2.59,loam,2728,1,1146.4
2010,Rift Valley,Wheat,865.1,21.7,36.2,3.77,0.29,loam,1777,1,3840.2
2022,Rift Valley,Sorghum,899.2,18.9,55.0,0.0,1.71,loam,2425,1,770.1
2001,Central,Sorghum,994.5,16.3,52.9,3.89,0.95,loam,2834,1,539.3
2010,Central,Coffee,1451.8,19.3,20.5,4.01,1.71,loam,1659,1,1223.2
2010,Eastern,Wheat,653.6,22.7,42.8,2.43,0.71,sandy,1070,0,671.3
2019,Western,Beans,1462.6,23.7,32.3,2.43,1.37,loam,1424,0,495.8
2005,Central,Wheat,1110.8,17.2,32.7,0.0,1.03,volcanic,1894,1,3327.9
2008,Nyanza,Maize,1859.7,23.8,77.0,3.31,2.84,loam,1524,0,1629.7
2006,North Eastern,Maize,359.8,33.4,17.4,1.26,3.11,sandy,377,0,188.7
2016,Central,Sorghum,1523.1,16.4,64.3,4.78,2.72,volcanic,2245,1,410.6
2012,Western,Tea,1374.3,27.4,44.8,1.22,2.47,loam,1839,0,4368.3
2013,Coast,Sorghum,764.9,26.6,21.7,1.25,1.29,loam,88,0,674.4
2022,Eastern,Coffee,313.1,21.5,47.8,3.37,1.33,sandy,1489,0,338.0
2002,Rift Valley,Beans,1259.9,17.9,23.0,2.94,2.23,volcanic,1652,1,1260.9
2018,Rift Valley,Coffee,735.1,16.9,25.7,4.18,0.85,volcanic,2501,1,1116.9
2011,Nyanza,Coffee,1857.9,24.5,69.6,0.93,1.69,clay,1153,0,577.5
2019,North Eastern,Coffee,189.6,37.2,70.3,3.4,1.42,sandy,303,0,100.0
2005,North Eastern,Coffee,343.9,30.0,28.8,3.99,1.95,sandy,172,0,100.0
2013,Western,Beans,1626.5,23.4,26.8,2.76,1.01,loam,1204,0,620.3
2016,Coast,Coffee,1087.3,29.9,24.2,2.55,0.52,loam,560,0,255.0
2007,Central,Maize,972.6,15.4,66.1,2.71,0.92,loam,1580,1,1656.9
2014,Coast,Beans,723.8,31.0,8.6,4.35,1.39,loam,460,0,237.7
2019,Rift Valley,Maize,1030.3,16.7,36.0,2.49,2.05,volcanic,2414,1,2272.5
2013,Central,Maize,945.6,18.4,1.1,2.37,2.94,volcanic,2496,1,1596.9
2020,Nyanza,Tea,1612.5,24.6,77.8,2.52,1.82,clay,1334,1,4781.7
2021,Rift Valley,Coffee,1090.3,20.1,36.2,2.2,1.93,volcanic,2422,1,1541.7
2001,Eastern,Maize,581.2,24.4,7.9,0.0,1.66,sandy,1022,0,558.4
2022,Western,Coffee,2016.3,21.6,52.5,3.71,1.26,loam,1931,0,833.0
2004,North Eastern,Beans,266.0,27.8,13.4,4.46,1.99,sandy,290,1,140.1
2018,Central,Beans,1476.4,18.3,36.7,2.72,3.14,loam,2125,1,853.2
2008,Coast,Beans,777.3,27.8,78.0,2.33,2.89,sandy,34,1,303.7
2021,Western,Sorghum,1731.3,24.7,57.5,2.48,0.55,clay,1230,1,293.3
2008,Coast,Wheat,1232.9,27.0,64.7,2.12,0.98,sandy,198,1,519.3
2004,Coast,Tea,1395.5,25.3,31.1,2.07,1.25,loam,148,0,1419.2
2012,Central,Coffee,1236.4,17.6,47.5,2.11,3.31,volcanic,1552,1,1151.3
2020,Nyanza,Beans,1084.3,22.0,16.1,0.0,2.75,loam,1782,0,559.5
2009,Nyanza,Coffee,1063.5,20.1,38.2,2.15,1.01,clay,1250,0,699.9
2006,Central,Beans,1018.8,19.6,6.0,3.68,0.56,loam,1621,1,1265.4
2004,North Eastern,Sorghum,232.7,31.0,29.3,3.2,3.16,sandy,264,1,603.0
2005,Central,Beans,883.2,18.5,55.7,3.14,0.69,loam,2800,1,1243.0
2018,Nyanza,Coffee,1267.1,22.0,45.9,3.19,1.55,loam,1691,0,843.7
2004,North Eastern,Sorghum,431.4,27.3,24.5,1.19,2.24,sandy,322,1,803.6
2016,Western,Sorghum,1801.2,26.4,57.6,4.04,5.38,clay,1370,0,261.7
2011,Western,Beans,1684.2,22.9,73.5,2.21,1.8,clay,1240,0,509.5
2012,North Eastern,Sorghum,162.2,25.9,67.6,2.67,1.77,clay,570,0,874.6
2007,Coast,Maize,921.2,27.3,59.2,3.19,0.59,loam,327,1,1362.3
2021,Eastern,Wheat,535.5,22.8,21.1,3.41,0.54,clay,1440,0,954.5
2002,Eastern,Wheat,507.7,27.7,21.0,1.14,0.26,clay,599,0,673.9
2018,Nyanza,Maize,1507.1,21.6,58.0,2.96,2.38,clay,1421,1,2011.4
2001,Nyanza,Tea,1401.6,23.1,31.0,3.43,0.64,loam,1696,0,5186.2
2010,Central,Tea,1469.0,15.8,54.2,2.74,0.43,volcanic,1860,1,13512.7
2021,Coast,Sorghum,504.3,29.9,50.9,3.17,2.57,loam,487,0,695.0
2001,Central,Beans,1487.6,17.7,52.0,3.61,0.89,loam,2084,1,1162.4
2021,Coast,Tea,1084.3,26.8,35.8,1.76,0.89,loam,158,0,1274.5
2004,Rift Valley,Wheat,1155.6,20.1,42.0,4.75,1.08,volcanic,1964,1,4490.9
2016,Eastern,Wheat,404.7,19.9,55.4,4.76,0.99,clay,782,0,1132.5
2017,Eastern,Maize,743.2,24.0,15.3,4.38,2.25,clay,1160,0,1011.9
2020,Rift Valley,Coffee,854.3,19.5,62.9,3.69,2.34,loam,1587,1,1160.9
2010,Eastern,Coffee,627.6,21.8,43.7,1.37,0.88,sandy,1369,0,253.2
2018,Coast,Maize,892.0,26.5,47.5,2.97,3.11,sandy,517,1,636.0
2014,Rift Valley,Tea,1165.0,17.1,1.1,6.04,6.61,loam,2111,1,10826.6
2000,Central,Wheat,1319.1,14.2,34.0,3.43,1.81,volcanic,2564,1,2951.7
2003,Central,Sorghum,880.5,20.0,81.1,4.81,1.07,volcanic,2750,1,1026.7
2019,Western,Tea,1380.4,22.2,49.6,4.75,0.95,loam,1808,0,6722.2
2020,Eastern,Maize,587.6,25.0,26.4,2.85,1.66,clay,1361,0,825.1
2009,Coast,Coffee,1400.2,26.6,46.6,2.16,0.55,sandy,350,0,176.1
2013,Central,Wheat,1181.0,14.2,43.3,3.95,0.61,loam,2916,1,3171.2
2008,Rift Valley,Beans,402.5,18.1,73.3,1.79,0.96,loam,1753,1,1178.5
2005,Coast,Tea,1024.9,28.9,39.4,3.29,1.07,loam,20,0,1066.0
2019,North Eastern,Sorghum,289.9,31.8,64.1,0.27,1.14,sandy,323,0,510.7
2003,Coast,Wheat,958.5,27.2,103.2,3.86,1.8,loam,95,0,825.9
2016,Eastern,Wheat,313.5,21.6,38.5,2.39,5.37,clay,509,1,1053.1
2021,Western,Wheat,1305.3,21.6,52.2,0.17,1.55,clay,1691,0,1145.2
2020,Nyanza,Beans,1731.3,22.0,44.1,2.5,0.8,clay,1701,0,496.3
2018,Eastern,Wheat,581.1,23.3,69.6,0.28,0.8,sandy,1038,0,748.4
2004,Central,Wheat,1037.8,14.5,35.3,3.2,2.69,volcanic,1603,1,3393.7
2004,North Eastern,Maize,270.4,34.5,35.6,2.45,1.52,clay,358,0,307.0
2007,Eastern,Tea,677.7,23.0,67.0,3.87,1.57,sandy,762,0,1526.1
2006,Nyanza,Sorghum,1492.7,21.6,40.1,4.79,0.68,clay,1316,0,392.3
2017,Western,Maize,1871.1,21.6,30.7,1.39,1.3,loam,1900,0,1352.8
2023,Coast,Coffee,1176.4,26.6,40.6,1.16,1.19,loam,575,0,298.8
2016,Eastern,Sorghum,605.8,25.2,38.9,4.34,2.91,sandy,1245,0,812.2
2000,Coast,Wheat,954.6,28.5,20.2,1.88,1.46,sandy,20,0,309.0
2005,Eastern,Wheat,543.3,24.5,26.6,4.26,0.59,sandy,753,0,629.3
2000,Eastern,Beans,411.7,23.9,47.0,0.0,2.82,sandy,1341,0,280.7
2023,Nyanza,Wheat,1797.6,20.2,51.7,1.39,0.5,clay,1686,0,989.1
2003,Rift Valley,Sorghum,1032.6,21.3,43.6,0.55,1.79,loam,1766,1,838.3
2002,Eastern,Coffee,452.5,24.3,40.3,3.22,1.12,sandy,952,0,218.8
2017,Rift Valley,Beans,1312.1,22.5,35.0,3.96,2.12,loam,2771,1,1119.6
2019,Rift Valley,Beans,990.9,17.0,47.2,2.16,1.64,loam,1631,1,936.4
2012,North Eastern,Wheat,235.5,29.6,73.4,1.09,4.18,clay,525,0,306.7
2022,Western,Coffee,1627.8,21.3,49.8,3.65,0.98,clay,1849,0,689.9
2012,Coast,Maize,489.0,27.9,47.7,2.45,0.32,sandy,481,0,518.3
2018,Eastern,Maize,784.0,18.1,13.7,4.46,1.11,clay,1367,0,799.6
2002,Eastern,Beans,606.5,21.3,22.6,4.19,0.59,clay,701,0,619.5
2016,Coast,Maize,1306.4,29.6,54.0,4.18,1.27,sandy,3,0,388.5
2015,North Eastern,Coffee,332.0,29.0,61.6,1.0,0.56,clay,391,0,142.7
2018,Western,Tea,1380.0,22.5,35.7,0.73,3.78,clay,1332,0,4315.7
2004,Eastern,Sorghum,581.1,25.3,48.5,0.09,0.61,clay,619,0,1155.6
2019,Coast,Tea,705.1,26.0,34.9,3.61,1.5,loam,5,0,1236.9
2008,North Eastern,Maize,271.4,26.9,28.9,0.7,5.34,clay,478,0,490.0
2017,Eastern,Sorghum,543.6,24.2,57.0,0.0,0.88,clay,1343,0,1133.9
2012,Eastern,Coffee,535.1,22.1,53.7,3.88,1.28,clay,1089,0,480.7
2018,Rift Valley,Beans,1062.0,17.6,41.1,2.69,0.69,volcanic,2402,1,1506.2
2019,Nyanza,Beans,1595.1,22.8,76.9,0.89,0.46,loam,1549,1,795.6
2021,Western,Sorghum,1164.5,21.1,34.8,1.75,1.4,clay,1556,0,494.1
2021,Rift Valley,Tea,746.7,18.8,27.3,3.61,1.1,loam,2516,1,9777.7
2004,Rift Valley,Beans,945.4,18.8,65.9,3.11,0.75,volcanic,1670,1,1451.2
2007,Rift Valley,Beans,862.6,18.1,68.9,2.79,2.78,loam,1998,1,1076.3
2006,Central,Tea,1238.7,18.3,29.1,3.22,1.51,loam,2124,1,9865.6
2003,Rift Valley,Maize,1014.0,17.6,59.9,2.12,1.01,loam,1710,1,2169.6
2023,Coast,Coffee,946.4,29.5,27.7,1.26,1.58,sandy,505,0,146.2
2001,Rift Valley,Wheat,929.9,20.5,87.6,3.74,3.04,volcanic,2674,1,4452.6
2007,Eastern,Sorghum,474.5,21.0,27.4,0.65,1.82,sandy,1347,0,512.2
2002,Rift Valley,Wheat,1155.5,17.8,50.9,2.2,1.16,volcanic,1981,1,4752.7
2023,Coast,Wheat,952.3,26.6,27.2,0.88,1.76,loam,506,0,654.9
2018,Eastern,Tea,371.6,27.2,51.4,1.44,0.46,sandy,623,0,834.3
2019,North Eastern,Wheat,264.4,32.0,43.8,4.91,0.65,sandy,294,0,229.3
2016,Western,Maize,1800.0,18.8,18.9,0.9,2.63,loam,1877,0,1322.6
2002,Coast,Maize,1432.0,28.7,26.8,3.7,2.01,sandy,578,0,455.5
2005,North Eastern,Maize,261.3,30.6,30.1,0.98,0.4,clay,409,1,421.2
2023,North Eastern,Maize,240.1,24.4,31.0,3.11,2.75,sandy,174,0,364.2
2022,Coast,Tea,1684.5,26.8,9.3,0.0,2.22,sandy,568,1,554.2
2021,Eastern,Sorghum,545.3,21.3,21.3,1.5,1.66,clay,893,0,833.3
2021,Central,Beans,1090.0,16.0,45.7,3.92,0.89,volcanic,2312,1,1066.4
2003,Rift Valley,Wheat,1366.6,21.6,40.3,3.8,0.43,loam,2231,1,3491.6
2019,North Eastern,Coffee,358.0,31.5,43.8,4.0,0.2,sandy,519,0,100.0
2002,Nyanza,Tea,1441.6,24.0,50.3,4.1,0.78,clay,1240,0,4196.3
2019,North Eastern,Maize,245.0,30.5,48.8,2.35,0.38,clay,518,0,425.2
2016,Nyanza,Beans,1413.1,24.9,30.3,2.43,1.33,clay,1256,1,630.4
2006,Central,Tea,1201.4,15.7,48.0,5.28,2.76,volcanic,2692,1,16801.1
2001,Eastern,Sorghum,426.0,21.4,40.9,4.1,1.06,clay,870,0,831.4
2000,North Eastern,Coffee,154.3,34.1,27.8,3.26,0.45,clay,217,0,100.0
2002,Western,Wheat,1970.3,23.5,56.7,3.38,3.35,loam,1226,0,759.5
2008,Central,Coffee,1173.7,18.7,31.3,0.09,4.59,volcanic,1528,1,1500.2
2006,Coast,Sorghum,1440.2,26.4,40.4,3.63,2.34,loam,193,0,552.2
2012,Central,Tea,1017.7,19.0,16.9,0.84,1.75,volcanic,1900,1,12958.5
2012,Central,Coffee,1233.0,19.3,36.6,2.72,1.26,loam,2946,1,1383.3
2000,Central,Beans,1069.3,16.2,27.3,2.81,1.74,volcanic,2065,1,1011.3
2011,Western,Coffee,1731.0,22.2,30.1,1.07,1.74,clay,1850,0,476.1
2008,Central,Maize,1627.1,16.3,33.8,1.98,0.86,volcanic,1799,1,1392.6
2007,Nyanza,Wheat,1202.6,22.4,13.1,1.27,0.97,loam,1126,0,1466.2
2005,Western,Sorghum,1846.1,23.6,55.7,3.19,5.54,clay,1274,0,251.9
2020,Coast,Tea,949.9,27.8,22.7,2.48,0.9,loam,438,0,980.7
2017,Central,Tea,1346.6,14.5,61.0,3.23,0.81,volcanic,2124,1,13927.6
2003,Central,Sorghum,966.4,16.3,62.2,3.35,2.12,loam,1583,1,643.5
2004,Central,Tea,1242.6,15.5,33.6,1.31,2.87,loam,1687,1,10918.9
2008,Eastern,Sorghum,458.3,21.5,30.2,5.77,1.02,sandy,1135,0,817.8
2015,Western,Coffee,1779.6,21.8,78.0,3.01,1.05,clay,1845,0,686.2
2015,Coast,Coffee,426.3,27.9,12.6,5.48,2.55,sandy,468,1,204.0
2009,Western,Beans,1288.9,22.5,27.8,0.98,0.53,loam,1970,0,704.8
2017,North Eastern,Wheat,201.6,24.1,26.6,2.79,0.53,clay,588,0,452.4
2005,Coast,Maize,956.9,27.7,40.6,2.61,1.0,loam,149,0,1077.0
2021,Rift Valley,Maize,738.7,18.1,36.5,0.2,0.41,volcanic,2276,1,2014.7
2018,Nyanza,Maize,685.1,22.5,39.2,4.42,1.4,loam,1282,0,1660.1
2011,Rift Valley,Coffee,911.3,20.1,38.6,3.23,1.41,loam,1624,1,993.2
2008,North Eastern,Sorghum,359.7,35.6,38.8,0.98,1.22,sandy,164,0,265.1
2008,North Eastern,Coffee,300.3,32.1,47.8,0.95,2.13,sandy,511,0,100.0
2003,Central,Tea,1108.2,15.6,16.9,0.0,1.03,loam,2220,1,9790.4
2000,Nyanza,Wheat,1928.9,22.0,5.7,3.74,4.39,clay,1214,0,727.7
2019,Rift Valley,Beans,1368.6,19.3,19.1,3.77,4.98,volcanic,2535,1,1126.7
2002,Eastern,Wheat,613.0,27.9,52.1,0.0,3.36,clay,1282,1,784.9
2000,Rift Valley,Maize,733.6,17.7,23.7,0.9,5.97,volcanic,1594,1,2425.1
2004,Western,Tea,1437.3,21.0,28.2,1.2,1.4,loam,1630,0,5884.0
2007,Nyanza,Tea,1151.3,23.0,31.4,2.62,1.47,loam,1666,0,4601.8
2009,North Eastern,Tea,209.3,30.4,50.1,3.51,0.26,sandy,556,0,160.9
2001,Central,Tea,1162.5,14.9,40.1,0.88,0.35,volcanic,2303,1,13572.3
2007,Coast,Beans,860.1,25.9,60.1,3.32,2.41,loam,404,0,396.7
2016,Eastern,Sorghum,335.6,26.5,71.1,2.56,0.85,sandy,560,0,886.8
2001,Eastern,Coffee,545.0,25.4,29.7,2.21,1.17,sandy,1359,0,214.8
2023,North Eastern,Sorghum,485.9,30.2,40.3,2.46,1.55,sandy,580,0,541.6
2019,Coast,Tea,1173.7,28.9,66.1,1.5,0.5,sandy,479,0,582.5
2008,Coast,Tea,1006.7,29.1,16.4,4.17,2.23,sandy,585,0,573.8
2002,Western,Wheat,1754.8,26.1,40.4,1.41,1.19,loam,1743,0,897.2
2003,Central,Maize,1499.1,19.6,20.0,4.05,0.86,loam,2670,1,1342.8
2011,Rift Valley,Wheat,1095.7,20.0,17.9,2.0,0.78,volcanic,2546,1,3787.5
2012,Western,Tea,1498.6,20.4,63.4,0.92,0.83,clay,1771,1,8004.8
2004,North Eastern,Tea,271.6,29.5,41.4,4.24,0.71,clay,228,1,346.5
2004,Eastern,Wheat,639.5,22.1,35.3,3.62,1.81,sandy,1454,0,742.0
2022,Nyanza,Wheat,1827.2,25.8,39.4,2.71,2.94,loam,1186,0,671.4
2021,Central,Tea,1144.2,16.4,55.8,3.01,2.01,volcanic,2006,1,16514.6
2015,Central,Tea,1512.6,16.5,35.1,2.05,5.12,volcanic,2804,1,15893.4
2020,Central,Wheat,1071.1,11.5,63.7,4.81,0.92,loam,2496,1,2583.8
2023,Eastern,Sorghum,517.8,26.6,32.9,2.63,3.62,clay,1033,1,1313.1
2005,Central,Maize,1167.2,17.8,59.0,1.8,3.44,loam,1763,1,1895.0
2019,North Eastern,Coffee,235.1,31.4,0.0,6.32,1.96,clay,401,0,100.0
2014,Rift Valley,Beans,481.9,18.7,34.7,1.9,1.25,volcanic,2761,1,1304.9
2015,North Eastern,Tea,286.6,29.0,55.1,2.26,4.99,sandy,397,0,179.5
2004,Nyanza,Coffee,1970.1,25.0,72.9,3.09,3.06,loam,1109,1,864.0
2020,Rift Valley,Tea,1068.1,20.1,35.2,1.95,1.03,volcanic,1580,1,9643.6
2007,Central,Maize,1346.6,19.8,20.2,1.99,2.3,loam,2199,1,1675.6
2016,Rift Valley,Tea,1039.3,19.6,35.8,2.03,2.46,volcanic,2564,1,11763.3
2004,Eastern,Tea,535.7,23.0,33.8,0.18,1.62,sandy,538,0,1127.8
2017,Coast,Tea,1077.3,27.9,1.6,2.46,1.41,loam,598,0,1161.0
2018,Coast,Coffee,768.3,31.3,32.5,3.55,0.36,loam,426,0,241.0
2022,Western,Tea,1693.7,19.4,22.9,4.21,1.68,loam,1781,0,6844.0
2013,Rift Valley,Beans,986.6,15.8,11.1,2.53,1.33,volcanic,2528,1,1018.9
2023,Nyanza,Beans,1585.4,23.7,19.8,0.21,3.96,loam,1617,1,709.5
2012,Central,Tea,1280.4,17.5,40.7,1.54,1.32,loam,2743,1,11099.0
2001,Western,Wheat,1035.8,25.2,71.9,0.98,1.15,clay,1563,0,1135.1
2014,Coast,Coffee,939.2,30.0,46.1,4.22,1.71,sandy,300,0,135.4
2005,Rift Valley,Tea,755.4,19.7,24.1,5.12,2.77,loam,1794,1,10802.6
2014,Western,Wheat,1602.6,19.4,18.7,2.04,0.88,clay,1441,0,1014.8
2022,North Eastern,Coffee,313.9,30.1,11.3,0.53,1.64,sandy,260,0,100.0
2023,Central,Wheat,1088.2,16.4,33.2,1.56,3.19,loam,1971,1,2928.9
2022,Western,Sorghum,1547.2,20.0,37.4,2.62,1.15,loam,1977,0,317.9
2014,Western,Sorghum,1876.6,19.5,31.6,4.04,1.68,clay,1664,0,176.7
2000,Coast,Coffee,1252.3,30.5,60.3,2.69,0.83,loam,280,0,270.1
2015,Central,Wheat,1403.5,16.1,61.5,4.17,2.88,loam,1732,1,2880.6
2007,Eastern,Beans,490.7,23.8,33.4,0.39,0.92,sandy,894,0,284.5
2003,Eastern,Beans,683.7,23.4,34.2,3.17,2.39,sandy,914,0,352.9
2013,Coast,Wheat,1929.0,28.1,42.8,4.39,2.56,loam,562,1,465.2
2022,North Eastern,Maize,247.2,32.4,10.6,0.61,0.78,clay,267,0,274.5
2015,Eastern,Wheat,847.5,24.7,53.1,0.21,5.94,clay,796,0,696.7
2021,Eastern,Beans,304.9,22.7,50.0,1.16,0.5,clay,1219,0,457.2
2019,North Eastern,Sorghum,256.1,28.9,29.0,0.85,6.71,sandy,375,1,780.3
2003,Eastern,Sorghum,548.2,23.3,49.8,0.73,1.32,clay,1465,0,1141.9
2009,Nyanza,Sorghum,1687.2,22.8,64.7,2.49,1.03,loam,1559,0,448.9
2006,Nyanza,Coffee,1552.0,25.2,62.1,2.31,2.12,loam,1781,0,686.4
2022,Eastern,Wheat,356.6,24.2,58.3,3.13,1.29,clay,698,1,940.4
2004,Western,Sorghum,1440.3,19.4,72.8,4.01,0.83,loam,1743,0,615.5
2009,Central,Coffee,1165.5,18.8,53.0,0.14,3.79,loam,2350,1,1389.0
2019,Coast,Coffee,815.9,28.4,50.9,0.0,1.34,sandy,443,0,155.9
2001,Eastern,Beans,437.4,26.4,10.5,4.09,0.93,clay,1173,0,345.7
2010,Rift Valley,Tea,1027.4,18.0,29.3,3.46,2.23,volcanic,1555,1,12126.8
2014,North Eastern,Tea,187.7,28.9,0.0,1.61,1.27,clay,305,0,210.0
2019,Western,Sorghum,1660.9,19.8,20.3,1.05,1.46,clay,1381,0,168.2
2008,Coast,Tea,811.9,31.6,54.2,1.66,2.1,loam,251,0,1107.6
2009,Eastern,Beans,445.8,22.8,29.5,2.73,0.76,sandy,1228,0,360.1
2019,Eastern,Beans,462.0,24.2,43.7,3.43,1.36,sandy,810,0,319.4
2018,Coast,Sorghum,446.9,26.2,38.7,3.3,0.29,sandy,344,0,485.2
2010,Coast,Coffee,785.8,30.4,34.0,0.65,1.2,loam,542,0,254.5
2014,North Eastern,Tea,236.1,30.3,43.2,0.96,3.27,sandy,206,0,148.2
2004,Western,Sorghum,1762.6,19.0,61.0,1.0,1.03,clay,1907,0,182.3
2019,Western,Sorghum,1841.3,23.4,77.0,1.87,0.63,loam,1574,0,291.6
2016,Rift Valley,Maize,1176.5,16.3,57.1,1.51,0.9,loam,1541,1,1733.6
2022,North Eastern,Maize,235.0,25.7,63.8,3.5,1.32,clay,261,1,907.9
2010,North Eastern,Sorghum,371.9,24.8,32.8,0.82,0.55,clay,570,1,1390.6
2009,Central,Maize,672.9,17.0,46.6,3.89,0.66,loam,1868,1,1720.1
2019,Coast,Tea,1716.5,30.4,54.5,2.67,2.73,loam,516,0,1082.9
2020,Coast,Maize,701.8,30.3,78.0,3.09,2.93,loam,434,0,856.0
2023,Central,Tea,831.9,19.7,29.9,1.59,0.39,loam,2508,1,11081.4
2023,Eastern,Tea,409.7,27.3,37.0,1.72,0.7,clay,592,0,1277.8
2016,Central,Maize,1421.6,14.9,52.3,0.92,0.87,loam,1531,1,1462.4
2011,Coast,Coffee,1201.4,29.5,27.4,0.0,1.74,sandy,92,0,131.6
2007,Rift Valley,Coffee,824.8,19.5,55.8,1.64,0.86,volcanic,1816,1,1710.2
2011,Coast,Wheat,1131.4,27.5,65.9,2.06,2.83,sandy,408,0,377.8
2010,Coast,Tea,813.2,25.9,56.0,1.62,1.08,sandy,571,0,613.0
2000,Western,Wheat,1487.8,22.5,52.0,3.78,0.96,loam,1751,0,1483.8
2020,Rift Valley,Sorghum,1025.3,18.8,44.1,0.06,5.06,volcanic,2558,1,835.8
2021,North Eastern,Beans,453.2,33.2,60.5,4.25,0.67,sandy,419,0,100.0
2016,Eastern,Tea,681.4,28.4,27.9,2.16,0.43,clay,605,1,1242.5
2019,North Eastern,Beans,348.2,26.3,69.0,2.52,0.89,sandy,591,0,166.5
2002,Eastern,Beans,727.2,31.0,57.4,3.92,1.48,clay,1038,0,288.8
2017,Rift Valley,Tea,1211.7,14.6,49.2,1.73,4.62,volcanic,1513,1,13616.4
2019,Eastern,Coffee,528.3,25.2,40.3,1.02,0.28,sandy,1428,1,292.5
2002,Rift Valley,Maize,1304.4,22.7,36.1,0.0,0.26,loam,1578,1,2020.4
2021,Central,Sorghum,1331.7,17.5,59.9,3.36,1.1,loam,2977,1,468.1
2021,North Eastern,Wheat,318.9,36.3,57.8,2.37,1.35,sandy,505,1,242.8
2005,North Eastern,Beans,113.4,35.1,44.2,2.35,0.92,sandy,548,0,100.0
2010,Nyanza,Coffee,1260.8,20.8,31.0,1.89,1.44,clay,1739,0,547.2
2020,North Eastern,Coffee,242.8,30.6,45.7,2.11,2.04,clay,183,0,100.0
2018,North Eastern,Maize,381.7,31.0,57.4,2.25,8.81,sandy,215,0,273.4
2019,Eastern,Maize,631.8,26.7,44.2,1.87,1.06,clay,1468,1,1054.9
2020,Rift Valley,Beans,941.3,18.7,37.3,1.33,2.61,volcanic,2243,1,1246.9
2005,Coast,Beans,882.1,30.0,67.9,3.57,1.82,loam,228,0,368.6
2015,North Eastern,Maize,302.1,33.6,28.1,5.65,0.93,clay,473,0,319.2
2009,Rift Valley,Maize,985.2,19.0,27.2,3.23,4.77,loam,2723,1,2083.4
2009,Eastern,Coffee,544.3,26.5,62.1,3.12,0.69,clay,731,0,291.8
2017,Western,Maize,1828.4,18.9,71.8,3.36,3.6,clay,1423,0,1071.4
2017,Rift Valley,Beans,749.9,14.7,49.2,0.84,2.7,loam,2472,1,827.6
2003,Central,Beans,861.0,17.7,26.1,3.8,2.2,volcanic,2410,1,1476.9
2003,North Eastern,Tea,177.7,26.3,40.3,3.0,1.04,clay,484,0,323.2
2021,Eastern,Beans,424.7,30.4,16.2,2.96,2.1,sandy,1143,1,213.7
2009,Eastern,Coffee,705.8,24.6,49.6,2.73,2.18,sandy,1037,0,228.7
2022,Central,Sorghum,1261.6,13.6,13.0,3.61,1.52,volcanic,1655,1,350.7
2004,Coast,Tea,1154.2,28.4,47.0,3.23,2.1,loam,83,0,1280.7
2009,Rift Valley,Coffee,804.5,16.5,37.4,1.66,0.17,volcanic,2560,1,1376.7
2014,Eastern,Wheat,614.2,29.2,72.8,0.0,2.02,clay,594,0,560.9
2019,Rift Valley,Tea,758.8,20.5,22.8,0.88,0.59,loam,1658,1,8087.4
2018,Central,Sorghum,1315.9,17.7,43.9,1.97,1.71,volcanic,2421,1,526.8
2015,Coast,Tea,512.3,23.0,45.9,2.71,1.11,sandy,328,1,1177.6
2015,Western,Beans,1389.2,23.4,44.0,0.0,1.82,loam,1346,1,811.4
2010,Eastern,Maize,383.3,24.7,50.0,4.21,4.08,sandy,977,1,819.4
2004,Western,Beans,1674.3,25.3,0.0,3.12,6.02,clay,1787,0,380.8
2001,Eastern,Tea,795.3,27.9,18.2,2.12,1.06,sandy,1158,0,791.9
2006,Western,Wheat,1759.5,22.4,28.1,3.29,1.98,clay,1629,0,945.2
2021,Eastern,Maize,625.0,18.0,32.8,2.68,1.43,sandy,1320,0,550.5
2009,Western,Beans,1400.8,21.1,47.0,3.01,1.93,loam,1299,0,909.2
2023,Coast,Coffee,1099.6,28.4,54.2,1.85,1.93,sandy,433,0,162.6
2018,Rift Valley,Maize,594.3,22.1,41.5,3.23,4.36,loam,1988,1,2703.1
2003,Central,Wheat,1195.6,18.4,69.5,2.21,1.57,loam,2174,1,4081.7
2008,Eastern,Sorghum,621.3,18.8,29.2,2.12,1.61,clay,1091,0,881.7
2023,North Eastern,Beans,180.3,30.2,25.8,0.61,1.16,sandy,352,0,100.0
2015,Nyanza,Sorghum,1315.4,21.7,22.7,3.54,1.17,loam,1710,0,648.5
2002,Coast,Wheat,1103.4,26.8,28.2,1.73,3.53,sandy,105,0,317.1
2014,North Eastern,Coffee,356.3,36.5,21.6,1.27,0.59,sandy,330,0,100.0
2010,Eastern,Sorghum,624.9,18.9,36.6,1.28,2.41,clay,631,0,877.0
2005,Coast,Beans,730.5,29.0,13.6,5.25,3.08,loam,564,0,317.4
2021,North Eastern,Sorghum,284.7,26.3,33.6,4.59,1.69,sandy,235,0,712.5
2013,Eastern,Sorghum,556.0,26.7,51.8,2.27,2.3,sandy,737,0,825.9
2002,Nyanza,Sorghum,1439.3,24.8,81.0,1.46,1.26,clay,1610,0,640.6
2021,Rift Valley,Maize,467.7,20.0,53.2,3.62,1.02,volcanic,1538,1,2942.1
2023,Eastern,Maize,651.7,22.5,83.1,1.59,2.27,clay,969,0,1233.9
2017,Nyanza,Wheat,1347.9,23.8,27.5,2.84,2.33,loam,1668,0,1174.5
2018,North Eastern,Tea,182.0,27.3,74.7,3.08,1.46,sandy,402,0,228.9
2007,Coast,Tea,706.2,28.3,66.3,1.08,2.84,loam,399,0,1067.2
2023,Coast,Sorghum,768.5,27.0,29.7,1.3,1.06,sandy,121,0,433.2
2013,Eastern,Sorghum,424.4,26.7,58.5,2.75,2.17,sandy,706,1,1031.9
2018,North Eastern,Wheat,359.6,31.9,0.0,5.56,1.66,sandy,400,0,166.6
2016,Central,Coffee,1252.4,13.1,33.0,0.0,3.52,loam,2388,1,680.6
2016,Rift Valley,Coffee,1001.1,20.1,2.0,2.31,0.51,volcanic,2449,1,1297.2
2015,Coast,Beans,1485.2,28.2,22.0,0.5,1.18,loam,152,0,281.1
2004,Nyanza,Maize,1376.2,22.4,19.9,3.04,0.93,clay,1263,1,1854.4
2008,Central,Beans,1286.2,17.5,55.3,3.31,2.23,volcanic,2678,1,1460.1
2023,Nyanza,Beans,1220.8,23.2,63.9,1.34,2.72,clay,1611,0,555.7
2017,Central,Beans,899.1,18.5,41.6,0.31,1.09,volcanic,2956,1,1122.4
2020,Coast,Coffee,1371.9,27.2,61.4,3.41,6.77,loam,229,0,305.3
2023,North Eastern,Sorghum,414.5,30.0,23.6,2.68,0.92,clay,216,0,705.1
2015,Nyanza,Coffee,1711.3,22.0,34.6,1.03,0.99,loam,1365,0,741.2
2004,Nyanza,Coffee,1252.5,20.2,29.7,3.43,3.58,clay,1241,0,727.2
2022,North Eastern,Coffee,161.8,28.5,62.1,2.77,0.93,sandy,204,0,100.0
2001,Eastern,Coffee,379.9,27.1,4.1,3.31,1.07,sandy,1234,0,163.7
2004,Rift Valley,Coffee,699.6,17.5,10.7,1.75,2.67,loam,1741,1,959.2
2011,Western,Maize,1452.4,21.8,2.9,3.23,0.62,loam,1244,0,1561.9
2001,North Eastern,Sorghum,197.8,25.2,52.5,4.73,0.66,clay,462,0,1413.4
2015,Eastern,Coffee,262.4,19.6,46.7,1.39,2.83,clay,946,0,478.2
2001,North Eastern,Beans,249.4,29.6,32.0,0.72,1.02,clay,421,0,159.0
2023,Nyanza,Beans,1339.9,27.0,28.2,2.85,1.6,clay,1206,1,457.4
2004,Central,Coffee,1161.9,17.4,57.4,3.24,1.5,volcanic,2461,1,1614.5
2020,Central,Wheat,1240.7,14.2,47.1,5.86,0.53,volcanic,2155,1,3367.5
2004,North Eastern,Maize,241.0,25.7,53.9,3.57,0.4,sandy,488,0,511.3
2003,Coast,Tea,665.4,27.4,32.6,2.92,0.92,sandy,385,0,609.5
2009,Western,Maize,1678.0,23.7,14.7,0.0,0.91,loam,1483,0,1480.3
2021,Rift Valley,Sorghum,913.2,17.8,55.6,2.41,0.73,volcanic,1998,1,861.9
2000,Central,Maize,1551.0,17.0,44.5,3.54,0.56,volcanic,2029,1,2112.4
2009,North Eastern,Coffee,320.6,29.8,12.1,1.44,1.12,sandy,345,0,100.0
2022,Coast,Coffee,740.8,27.7,21.8,3.54,1.04,loam,481,0,249.0
2007,Central,Wheat,1375.5,17.7,51.4,3.07,4.21,volcanic,2903,1,3929.4
2007,Rift Valley,Wheat,569.6,17.5,68.9,2.87,1.54,volcanic,2394,1,5997.8
2023,Coast,Sorghum,703.0,27.9,23.8,0.83,1.62,loam,106,0,672.7
2022,Western,Wheat,1386.5,20.7,54.0,1.56,1.24,clay,1600,0,1218.6
2002,Western,Coffee,1260.0,23.5,52.9,5.74,1.09,loam,1445,1,1062.2
2002,Coast,Tea,1419.0,28.9,40.6,2.26,1.7,sandy,554,0,617.5
2021,Nyanza,Maize,1543.9,24.5,26.2,1.51,0.9,clay,1630,0,1161.6
2019,Nyanza,Wheat,1532.5,20.1,23.3,0.0,0.5,loam,1472,0,1287.4
2012,Rift Valley,Wheat,1094.4,19.0,28.0,0.16,2.4,loam,1770,1,3022.9
2003,Western,Tea,1694.4,25.5,66.9,2.15,1.88,loam,1882,0,5390.7
2008,Coast,Tea,1244.1,25.5,44.5,4.46,0.44,loam,114,0,1597.8
2022,Coast,Beans,986.3,28.5,35.2,3.03,0.56,loam,278,0,378.0
2001,Coast,Sorghum,1217.5,29.0,27.2,3.15,2.36,sandy,68,0,334.8
2021,Nyanza,Tea,1649.9,21.7,57.3,0.0,0.82,loam,1462,1,6083.0
2004,Eastern,Sorghum,814.5,23.2,0.0,2.2,1.48,sandy,1219,0,451.8
2010,North Eastern,Coffee,431.0,27.1,44.8,0.59,1.36,clay,184,0,137.9
2012,Coast,Sorghum,1426.1,28.4,33.5,4.18,0.61,sandy,259,0,258.3
2018,Rift Valley,Coffee,1012.1,15.0,45.5,1.34,2.91,volcanic,2793,1,894.0
2017,North Eastern,Sorghum,383.7,26.7,32.7,2.27,0.51,clay,239,0,1011.9
2008,Rift Valley,Beans,843.3,21.4,60.4,2.82,1.06,volcanic,2765,1,1635.9
2011,Rift Valley,Tea,1106.5,21.3,18.2,1.88,0.62,volcanic,2577,1,9225.5
2004,Eastern,Beans,414.9,25.9,33.4,3.4,0.92,clay,1129,0,395.1
2001,North Eastern,Sorghum,229.8,29.1,68.4,0.0,3.3,clay,593,0,911.0
2018,Rift Valley,Sorghum,846.4,17.6,23.6,4.24,3.18,volcanic,1897,1,988.1
2008,Nyanza,Wheat,1668.3,21.5,34.7,3.05,0.35,clay,1115,0,800.4
2003,Nyanza,Beans,1056.9,23.2,39.3,2.19,1.23,clay,1344,0,502.5
2009,Rift Valley,Beans,1047.8,20.2,21.3,4.13,0.93,volcanic,1938,1,1481.8
2023,North Eastern,Sorghum,245.4,32.4,34.1,2.13,2.69,clay,538,0,585.3
2021,Eastern,Coffee,654.6,21.5,46.2,0.55,1.85,clay,791,0,396.2
2020,Eastern,Wheat,527.5,23.0,19.1,0.74,1.87,clay,1010,0,740.4
2018,Eastern,Tea,653.3,25.8,68.4,0.0,2.15,clay,780,0,1589.4
2014,Coast,Beans,1513.3,29.0,32.0,1.38,1.25,sandy,134,0,152.7
2017,Central,Coffee,1406.3,17.8,20.6,0.47,1.5,loam,1909,1,976.0
2014,Central,Coffee,1359.6,13.3,52.9,0.85,3.24,loam,2611,1,884.8
2012,Coast,Tea,603.7,29.5,40.0,0.18,1.91,sandy,19,0,532.4
2000,Nyanza,Sorghum,1498.6,21.9,55.7,1.65,3.62,clay,1120,0,461.0
2022,North Eastern,Wheat,216.3,27.1,11.1,1.78,1.27,clay,205,0,321.0
2020,Nyanza,Wheat,1736.5,23.5,33.5,2.9,0.94,loam,1706,1,1497.9
2004,North Eastern,Tea,111.6,36.1,43.1,3.1,1.3,sandy,244,0,163.7
2019,North Eastern,Wheat,243.3,31.7,44.4,2.25,1.34,sandy,571,0,172.8
2005,Central,Wheat,1359.3,18.4,50.8,2.02,1.52,loam,2897,1,2940.4
2007,Eastern,Coffee,563.8,18.0,35.6,3.04,3.8,sandy,973,0,285.6
2016,Coast,Coffee,1190.6,27.8,30.9,2.87,1.88,loam,549,1,403.5
2023,Coast,Sorghum,929.0,25.4,43.8,1.22,2.15,sandy,433,0,534.9
2009,Central,Maize,1162.8,17.6,38.9,4.33,0.34,loam,1675,1,1732.8
2004,Rift Valley,Wheat,1036.4,22.0,28.4,2.86,1.92,loam,2162,1,2939.8
2012,Nyanza,Tea,1248.9,22.7,24.7,0.81,1.68,loam,1453,0,4074.9
2012,Rift Valley,Coffee,563.3,17.4,59.3,4.92,0.57,loam,2019,1,1134.6
2015,Rift Valley,Sorghum,715.4,18.5,38.5,0.01,2.47,loam,1760,1,561.7
2006,Eastern,Coffee,573.3,22.8,42.4,2.73,0.9,sandy,1300,0,267.0
2022,North Eastern,Coffee,212.9,27.8,35.7,0.0,0.83,sandy,246,0,100.0
2020,Nyanza,Coffee,1308.8,21.2,64.7,4.47,0.73,clay,1333,0,766.5
2015,Eastern,Sorghum,658.4,24.6,36.4,2.13,3.06,clay,1201,1,1337.7
2018,Nyanza,Maize,1425.6,21.4,23.4,3.28,1.81,clay,1295,1,1909.5
2010,Coast,Coffee,1224.2,28.6,49.0,2.34,4.68,loam,165,0,258.1
2009,Eastern,Beans,688.5,25.2,23.7,0.75,0.49,clay,1493,1,470.1
2022,North Eastern,Beans,276.2,25.9,46.3,4.55,1.64,sandy,491,0,183.4
2017,Nyanza,Maize,876.6,21.6,36.3,2.33,0.48,clay,1598,0,1671.5
2002,Rift Valley,Coffee,835.8,15.8,62.8,1.24,1.3,loam,1659,1,1065.8
2013,Western,Coffee,1918.2,21.9,41.2,3.01,12.56,loam,1857,0,841.0
2019,Western,Wheat,1416.4,20.4,44.0,4.22,0.66,clay,1906,0,1311.8
2022,Eastern,Wheat,656.4,23.6,27.4,3.4,1.77,clay,686,0,791.9
2015,Rift Valley,Tea,1105.0,17.0,27.6,3.68,2.77,loam,2063,1,9672.2
2018,Western,Wheat,1730.3,17.8,28.8,3.42,1.0,loam,1859,0,1494.4
2014,Central,Wheat,1197.2,15.6,30.1,4.67,0.56,loam,2351,1,3184.6
2022,North Eastern,Beans,227.8,28.4,33.7,2.9,2.23,clay,513,1,223.1
2004,Western,Tea,1574.2,18.7,36.5,4.99,1.37,clay,1935,0,7231.5
2009,Eastern,Coffee,207.1,21.7,55.3,1.88,1.86,clay,562,0,368.1
2019,North Eastern,Coffee,307.5,24.7,46.5,1.92,0.84,clay,445,0,169.0
2003,Eastern,Sorghum,691.8,23.8,45.7,2.04,2.53,clay,1267,0,1076.5
2020,Eastern,Beans,511.2,28.8,51.2,2.06,2.2,sandy,1350,0,211.7
2000,Central,Tea,1233.7,17.9,18.2,4.62,1.26,volcanic,1538,1,14085.0
2023,North Eastern,Coffee,206.0,30.8,22.1,1.89,0.67,clay,341,0,100.0
2018,Central,Sorghum,861.5,20.1,36.8,1.86,0.66,volcanic,2679,1,718.3
2021,Rift Valley,Wheat,598.6,19.3,27.9,3.44,0.73,loam,2268,1,3060.5
2007,North Eastern,Coffee,281.5,31.0,29.2,1.33,1.55,sandy,506,0,100.0
2023,Eastern,Coffee,482.7,24.7,14.2,2.29,2.91,clay,1162,0,240.1
2016,Nyanza,Wheat,1723.4,22.8,37.4,0.2,1.11,loam,1560,0,903.6
2019,Central,Tea,1185.5,15.0,25.4,0.64,0.97,volcanic,2954,1,10660.2
2000,Nyanza,Wheat,1223.2,20.5,47.9,2.32,4.06,clay,1417,0,1433.8
2022,Central,Coffee,1156.1,17.5,32.2,0.0,0.74,volcanic,2288,1,1355.1
2016,Western,Beans,1399.7,22.9,32.0,3.62,3.81,loam,1618,1,642.4
2007,Rift Valley,Beans,827.8,21.3,18.4,3.42,2.04,volcanic,1582,1,1248.4
2017,North Eastern,Maize,194.7,24.9,37.9,4.91,1.22,sandy,409,1,568.0
2006,Coast,Wheat,826.0,25.7,57.0,3.13,1.46,sandy,308,0,513.9
2016,Rift Valley,Tea,1021.8,18.3,46.5,3.22,0.67,volcanic,2474,1,13223.1
2014,Nyanza,Wheat,1457.3,23.2,35.5,2.18,6.45,clay,1139,0,1120.6
2002,Nyanza,Beans,1488.1,23.5,33.5,2.69,3.9,loam,1789,0,676.0
2013,Coast,Wheat,698.7,28.3,32.7,2.77,1.37,sandy,88,0,311.4
2005,Central,Beans,969.8,11.3,23.8,3.94,1.94,loam,1591,1,665.5
2002,North Eastern,Tea,352.1,29.8,37.0,3.22,3.91,sandy,415,0,181.5
2008,Nyanza,Beans,1604.6,25.1,51.0,5.35,4.24,loam,1304,0,676.9
2022,Eastern,Sorghum,384.0,28.0,29.1,0.62,1.0,sandy,621,1,743.7
2004,Nyanza,Coffee,1700.2,21.7,67.8,2.12,1.65,loam,1539,1,1144.6
2023,North Eastern,Beans,335.0,34.4,17.8,2.45,0.93,sandy,544,0,100.0
2001,North Eastern,Coffee,265.9,25.4,30.2,2.07,1.13,sandy,361,1,125.4
2010,North Eastern,Tea,290.7,28.2,30.1,2.61,7.45,clay,192,0,273.8
2010,Rift Valley,Wheat,778.5,22.1,69.0,3.91,1.19,volcanic,2142,1,4162.5
2022,Nyanza,Beans,1040.2,23.9,50.9,0.86,1.22,loam,1638,0,670.4
2000,Rift Valley,Tea,927.6,18.1,42.0,2.22,0.51,loam,2744,1,10992.3
2012,North Eastern,Maize,446.9,27.0,32.8,3.12,1.3,clay,505,0,496.8
2019,North Eastern,Tea,227.0,31.7,24.7,0.0,0.43,clay,388,0,206.0
2000,Western,Beans,1754.7,25.3,47.6,2.97,0.47,clay,1510,0,319.8
2003,North Eastern,Tea,186.5,29.5,5.4,1.91,1.38,clay,189,0,191.3
2011,Nyanza,Wheat,957.6,22.7,22.9,3.24,2.32,loam,1448,0,1401.6
2021,Nyanza,Tea,1545.4,22.4,90.6,2.16,1.15,clay,1564,0,4547.5
2013,Coast,Tea,826.5,27.8,38.8,3.74,0.64,sandy,465,0,645.7
2014,Central,Coffee,1300.8,17.3,46.4,4.28,3.18,volcanic,2495,1,1691.1
2021,Rift Valley,Coffee,1342.9,16.3,33.6,2.45,5.15,volcanic,2018,1,967.2
2013,Nyanza,Coffee,1604.7,23.6,86.7,3.11,1.22,clay,1776,0,632.1
2006,Rift Valley,Wheat,1137.3,21.9,35.2,2.57,0.72,loam,2749,1,3123.6
2006,Coast,Wheat,868.5,29.2,40.8,2.27,6.75,loam,418,0,485.1
2018,Western,Beans,1741.7,24.1,18.4,0.25,1.51,clay,1507,0,363.5
2002,Western,Sorghum,1905.8,21.5,47.1,1.64,0.38,clay,1457,0,208.6
2014,Central,Tea,880.4,17.9,80.5,0.46,1.54,volcanic,1940,1,13849.9
2020,Eastern,Sorghum,865.9,26.3,55.8,2.75,0.93,sandy,1421,1,1034.6
2013,Rift Valley,Maize,984.2,20.7,50.7,0.0,2.71,loam,2673,1,2460.5
2014,Western,Sorghum,2115.6,19.9,40.5,4.62,1.28,loam,1258,0,248.1
2014,Western,Beans,1998.2,22.0,16.2,2.43,0.65,loam,1341,0,459.0
2005,Nyanza,Wheat,1110.5,24.4,61.2,0.0,0.59,loam,1125,1,1414.6
2015,Nyanza,Coffee,1081.0,25.0,18.9,0.92,0.71,loam,1280,1,756.4
2003,Rift Valley,Maize,935.5,17.4,25.8,3.39,3.35,loam,2543,1,2004.2
2008,Eastern,Sorghum,878.5,21.6,23.2,1.6,0.31,sandy,594,0,557.6
2008,North Eastern,Tea,229.7,34.6,29.3,0.0,0.62,clay,220,1,304.1
2008,Central,Coffee,1197.6,14.8,38.9,2.42,1.51,volcanic,1571,1,1255.4
2014,Eastern,Beans,589.4,24.6,57.0,2.29,1.77,sandy,1126,0,315.4
2000,Coast,Tea,788.5,25.3,40.4,1.9,14.36,loam,389,1,1894.2
2010,Eastern,Maize,502.5,28.1,56.1,0.0,0.67,clay,1084,0,826.6
2023,Western,Beans,1123.0,20.3,31.7,5.33,1.99,clay,1789,0,635.5
2017,Central,Maize,1300.9,15.9,0.5,1.76,1.09,loam,1885,1,1076.2
2002,Central,Beans,1009.8,17.6,20.2,1.55,1.54,loam,2962,1,979.7
2022,Eastern,Sorghum,362.3,19.4,71.6,1.58,2.99,sandy,1280,1,779.8
2010,Coast,Coffee,1272.0,28.8,38.6,1.3,1.76,sandy,292,0,164.6
2005,Eastern,Wheat,587.4,23.6,40.4,0.22,2.15,clay,1200,1,1085.3
2018,Western,Beans,1439.1,24.1,33.3,1.89,0.69,loam,1560,0,624.9
2002,Central,Sorghum,1262.9,18.6,39.4,2.84,3.56,loam,2032,1,575.0
2004,Western,Coffee,1460.6,19.3,38.2,6.37,0.77,loam,1502,0,1079.5
2020,Coast,Maize,1324.0,29.9,49.7,4.11,0.73,sandy,231,0,468.1
2000,Rift Valley,Wheat,949.9,22.2,38.1,2.92,2.07,loam,2422,1,3005.8
2003,Rift Valley,Beans,1059.7,20.8,58.5,3.33,0.61,loam,1897,1,1501.6
2018,Western,Tea,1343.4,24.5,20.7,4.94,1.11,loam,1779,0,6201.8
2022,Eastern,Sorghum,735.4,20.8,53.6,4.29,0.39,clay,986,0,1046.3
2016,Central,Tea,1436.7,14.6,73.3,4.78,2.26,loam,2337,1,15709.9
2007,Central,Sorghum,954.5,15.8,47.2,0.71,0.47,volcanic,1907,1,483.5
2022,Central,Beans,977.2,15.7,21.2,1.68,1.16,volcanic,2763,1,1051.5
2004,Rift Valley,Maize,938.5,18.7,38.1,2.77,0.54,volcanic,2204,1,2599.4
2006,North Eastern,Beans,324.0,27.1,42.1,0.5,0.89,clay,586,0,208.3
2005,Coast,Beans,842.2,28.4,48.0,2.7,1.28,loam,95,0,328.0
2018,Nyanza,Tea,1743.8,21.4,71.2,0.2,4.22,clay,1208,0,4569.9
2012,Eastern,Maize,537.6,26.3,24.5,4.55,5.35,sandy,806,0,608.7
2008,North Eastern,Coffee,306.5,34.4,57.6,0.88,3.54,sandy,340,1,100.0
2005,Rift Valley,Coffee,977.8,19.5,36.1,1.37,2.81,volcanic,2556,1,1581.5
2017,Central,Tea,1393.9,17.9,27.1,5.16,0.59,volcanic,2794,1,15735.6
2018,Central,Beans,1579.6,15.1,23.3,3.65,0.46,loam,1900,1,666.2
2012,Rift Valley,Beans,989.0,18.9,66.9,3.06,0.48,loam,1876,1,998.1
2005,Central,Maize,898.8,16.2,4.6,1.44,2.12,volcanic,2357,1,1545.8
2016,North Eastern,Coffee,278.5,27.0,39.6,2.07,1.69,sandy,491,0,100.0
2017,Rift Valley,Coffee,863.4,18.3,63.6,1.56,1.39,volcanic,2068,1,1379.0
2012,Eastern,Wheat,419.6,24.0,42.7,6.88,1.19,clay,874,0,905.5
2016,Western,Tea,1454.6,20.0,27.0,0.66,1.38,clay,1368,0,4834.2
2017,Western,Wheat,1562.5,24.2,49.3,0.75,1.22,loam,1755,0,1251.3
2005,Nyanza,Beans,1508.1,24.0,45.8,1.74,0.94,loam,1713,0,559.5
2018,Nyanza,Coffee,1217.5,24.2,48.2,3.04,1.43,clay,1231,1,731.8
2008,North Eastern,Tea,275.4,33.6,46.8,2.41,0.89,clay,505,0,241.0
2014,Rift Valley,Sorghum,1198.5,18.5,17.0,2.13,0.81,loam,1602,1,630.4
2016,Coast,Wheat,929.2,27.2,29.3,2.94,0.47,loam,118,0,739.1
2009,North Eastern,Tea,262.3,30.2,43.9,6.09,0.31,sandy,302,0,212.2
2001,Western,Tea,1810.2,20.7,31.1,0.0,0.98,loam,1681,0,4746.2
2011,Rift Valley,Beans,1031.6,18.2,71.9,4.7,0.72,loam,2130,1,1336.8
2020,Central,Tea,952.5,17.2,66.6,2.97,0.88,loam,2722,1,13964.8
2019,Rift Valley,Sorghum,1056.3,19.1,60.9,2.2,1.76,loam,1842,1,829.4
2012,Rift Valley,Wheat,1002.7,17.9,16.6,0.0,1.32,volcanic,1515,1,4097.3
2002,North Eastern,Sorghum,252.6,30.5,20.7,2.19,2.07,clay,456,0,735.6
2020,Western,Sorghum,1515.0,25.9,15.5,2.7,1.33,loam,1493,1,522.0
2023,Nyanza,Tea,992.0,22.6,20.8,2.42,2.18,loam,1468,0,5179.1
2019,Western,Coffee,1552.7,21.7,35.5,1.56,1.57,loam,1327,0,708.3
2016,Nyanza,Beans,1644.4,19.2,23.4,0.31,0.98,clay,1457,0,501.8
2000,Central,Tea,1117.1,15.0,51.0,5.2,0.54,volcanic,2400,1,12617.5
2012,Nyanza,Maize,868.4,24.3,26.6,0.86,0.62,loam,1310,0,1602.5
2003,Rift Valley,Maize,1058.2,17.2,68.1,0.4,2.04,volcanic,2785,1,2925.3
2007,Coast,Wheat,1184.0,27.9,56.6,1.14,0.39,sandy,584,0,328.4
2007,Coast,Beans,1510.0,30.1,43.8,3.91,0.66,loam,146,0,282.1
2020,Western,Tea,1507.8,23.6,62.4,2.92,1.06,loam,1250,0,6264.0
2020,Nyanza,Tea,1635.0,22.5,28.0,4.63,4.56,loam,1251,0,5899.1
2010,Nyanza,Wheat,861.5,25.8,67.2,0.45,3.88,clay,1270,0,1159.7
2013,Eastern,Maize,496.2,20.3,63.5,1.62,0.63,clay,990,0,1085.3
2014,Western,Wheat,1794.8,21.9,31.6,0.0,0.64,clay,1762,0,880.6
2002,Central,Wheat,956.6,19.7,27.9,3.87,4.06,loam,2725,1,3364.4
2017,Western,Coffee,1409.0,23.8,25.8,3.47,1.03,clay,1555,0,423.8
2009,Western,Tea,1381.1,19.2,58.5,5.36,0.51,clay,1534,0,7946.3
2007,Rift Valley,Beans,980.1,19.5,30.3,2.46,0.82,loam,2302,1,1130.2
2012,Western,Maize,1634.9,22.1,56.3,1.23,0.4,clay,1540,0,1418.5
2014,Coast,Sorghum,699.8,26.3,15.9,1.17,0.18,loam,167,0,765.9
2006,Nyanza,Maize,1491.8,22.5,16.2,5.42,0.79,loam,1445,0,1872.3
2021,Central,Beans,1428.2,14.3,48.0,1.48,1.04,volcanic,1602,1,953.6
2008,Coast,Wheat,788.3,27.5,10.3,2.63,3.23,sandy,592,0,343.5
2014,North Eastern,Tea,289.1,25.7,58.4,1.5,5.01,clay,592,0,401.5
2016,Coast,Maize,1330.5,29.0,7.9,3.09,2.86,loam,52,1,802.4
2018,Eastern,Wheat,678.3,24.8,66.3,2.48,0.74,sandy,1435,0,613.3
2016,Eastern,Coffee,781.0,26.9,50.4,1.76,2.28,clay,907,1,330.4
2007,Coast,Tea,448.1,25.5,41.1,1.11,0.17,loam,121,0,1484.7
2017,Coast,Coffee,1030.9,27.1,20.5,2.44,2.01,loam,573,0,287.8
2002,Nyanza,Beans,1420.5,24.6,5.2,2.63,1.29,loam,1228,0,587.3
2023,Eastern,Tea,600.6,23.2,36.9,0.68,4.11,sandy,748,1,1493.0
2004,Coast,Tea,1786.2,25.8,69.3,4.0,1.64,loam,121,1,2450.6
2005,Eastern,Coffee,694.9,25.5,17.4,6.17,0.51,clay,863,0,401.2
2010,Eastern,Coffee,318.3,27.5,38.4,1.95,1.54,sandy,741,0,207.8
2023,Nyanza,Sorghum,1713.3,29.9,42.3,0.53,0.9,clay,1115,0,220.3
2018,Nyanza,Sorghum,1515.9,22.6,75.1,4.86,0.97,clay,1611,0,538.3
2018,Western,Wheat,1467.4,20.8,34.5,0.0,0.47,clay,1239,1,1446.2
2017,North Eastern,Maize,241.0,30.5,35.8,2.88,2.17,clay,241,0,353.3
2006,Nyanza,Coffee,1904.8,22.3,90.1,2.54,0.69,loam,1699,0,834.9
2022,North Eastern,Coffee,297.1,26.3,43.5,3.08,0.73,sandy,515,0,102.5
2016,Rift Valley,Tea,961.3,19.0,79.5,1.31,1.5,loam,2754,1,10668.6
2022,North Eastern,Beans,283.4,37.9,63.1,4.24,1.83,clay,435,0,149.7
2000,Western,Tea,1787.6,21.9,32.2,2.8,2.2,loam,1577,1,7217.9
2018,Coast,Tea,482.3,26.6,63.9,1.03,0.98,sandy,52,0,732.5
2004,Coast,Maize,836.1,28.8,10.4,2.78,1.34,sandy,366,0,463.2
2019,Western,Beans,1393.7,22.1,41.6,4.82,1.77,clay,1417,0,465.0
2010,Coast,Wheat,737.0,29.3,32.3,0.0,3.06,sandy,8,0,257.1
2012,Central,Sorghum,1301.7,16.1,10.3,2.19,3.14,volcanic,2694,1,364.4
2008,Central,Maize,958.3,17.8,17.7,3.15,1.18,volcanic,2200,1,1752.2
2017,Rift Valley,Beans,851.5,15.2,30.9,0.94,0.88,loam,2341,1,814.5
2016,Western,Beans,1649.5,17.9,20.5,3.96,1.85,loam,1288,0,729.8
2020,Nyanza,Tea,960.6,25.3,50.2,3.69,3.33,loam,1586,0,4200.7
2017,North Eastern,Wheat,336.7,30.7,59.1,2.93,0.88,clay,206,0,319.7
2007,Rift Valley,Wheat,1145.5,16.6,73.5,3.13,0.82,loam,2641,1,3778.2
2016,Central,Maize,1033.6,14.8,17.3,3.11,0.94,loam,2300,1,901.7
2004,Eastern,Maize,781.7,25.8,67.2,2.6,2.31,sandy,1500,0,832.3
2008,Rift Valley,Wheat,835.3,18.5,58.4,2.31,2.76,volcanic,1846,1,5306.7
2001,Eastern,Coffee,427.8,28.5,67.1,1.8,0.87,sandy,798,0,152.0
2016,Nyanza,Sorghum,1236.7,20.8,23.9,2.84,0.55,loam,1714,0,627.2
2003,Rift Valley,Sorghum,726.4,20.1,55.0,1.6,0.47,loam,2480,1,1018.8
2023,Coast,Coffee,970.6,29.6,73.4,2.88,2.14,loam,14,1,381.0
2005,Coast,Tea,718.0,29.0,74.3,2.35,1.7,loam,363,0,1233.5
2001,Western,Maize,1325.9,19.1,71.9,1.23,0.67,clay,1257,0,1115.9
2020,Central,Maize,1374.8,17.2,43.7,1.25,0.41,volcanic,2248,1,1710.1
2004,Coast,Tea,918.1,29.9,18.0,1.57,0.47,loam,423,0,789.1
2012,North Eastern,Coffee,314.4,27.6,15.7,1.25,1.97,clay,330,0,127.0
2014,Coast,Beans,913.8,28.6,39.1,1.86,0.91,loam,233,0,341.3
2006,Central,Wheat,1537.2,21.8,42.9,1.36,3.79,loam,1908,1,1886.0
2018,Western,Maize,1293.2,20.6,43.7,6.1,0.74,loam,1955,0,2359.0
2014,Nyanza,Maize,763.4,21.8,65.9,2.47,0.67,clay,1451,0,1639.8
2002,Eastern,Maize,521.0,26.7,48.4,0.81,1.28,clay,940,1,1025.4
2014,Nyanza,Maize,1118.2,22.7,15.8,3.4,3.94,clay,1778,0,1555.2
2018,Nyanza,Maize,1541.1,26.9,49.3,3.41,2.02,clay,1443,1,1467.7
2021,Central,Tea,1250.5,19.8,48.9,4.15,1.87,loam,1944,1,12946.1
2018,Western,Beans,1409.2,22.1,53.7,2.19,2.86,loam,1467,0,927.2
2005,Western,Sorghum,1454.5,22.8,13.6,2.14,3.32,clay,1927,0,360.2
2010,Rift Valley,Wheat,1077.1,22.6,12.7,2.42,1.11,loam,2300,1,2522.5
2009,Central,Coffee,1001.5,15.9,45.6,3.18,2.2,volcanic,1912,1,1393.8
2020,Eastern,Coffee,733.1,21.4,74.2,0.0,1.83,sandy,817,0,330.3
2017,Nyanza,Tea,2104.7,24.9,21.6,2.65,1.07,clay,1341,0,3198.8
2002,Eastern,Maize,500.7,26.2,43.4,3.22,0.79,sandy,591,0,596.6
2008,Nyanza,Wheat,1208.6,23.6,52.6,2.31,1.65,clay,1765,0,1237.4
2012,Eastern,Beans,490.0,24.5,40.0,0.9,0.56,clay,593,1,461.0
2021,North Eastern,Coffee,354.6,28.8,54.0,6.72,1.25,sandy,193,0,102.4
2008,Western,Beans,1422.2,22.2,44.7,1.09,1.03,loam,1959,1,864.4
2015,Rift Valley,Wheat,987.2,20.7,47.9,3.18,0.45,volcanic,1628,1,3894.6
2011,Rift Valley,Sorghum,834.1,20.5,46.7,2.97,1.87,volcanic,2596,1,1016.9
2008,Western,Coffee,1532.8,22.7,0.0,2.41,0.42,loam,1375,0,530.7
2002,Western,Wheat,1576.2,21.2,35.7,3.0,1.2,clay,1733,0,1081.4
2000,Coast,Tea,936.0,31.0,43.0,1.99,0.88,sandy,341,0,542.3
2001,Western,Coffee,1754.4,20.7,57.8,4.6,2.33,clay,1863,0,740.9
2007,Central,Coffee,1005.5,17.9,58.2,3.91,2.29,volcanic,1531,1,1608.2
2018,North Eastern,Tea,336.3,24.7,0.0,2.93,0.5,clay,465,0,313.3
2018,Coast,Maize,1417.4,27.6,40.7,2.53,0.7,loam,574,0,866.3
2011,North Eastern,Sorghum,85.2,32.1,23.7,2.76,0.56,clay,506,0,605.1
2002,Eastern,Maize,766.2,19.7,63.3,2.52,0.68,sandy,670,0,814.4
2002,Nyanza,Beans,1354.2,24.0,31.7,1.22,2.07,clay,1630,0,502.9
2000,Western,Tea,1677.8,22.9,48.8,2.23,0.34,clay,1234,0,4702.6
2006,North Eastern,Sorghum,260.3,27.5,83.4,2.24,1.47,clay,497,0,1173.4
2004,Coast,Maize,700.6,24.5,41.9,5.21,8.73,loam,447,0,1299.8
2005,Coast,Coffee,450.5,25.9,69.9,5.29,1.26,sandy,12,0,214.5
2016,Central,Sorghum,1433.7,16.5,52.5,3.74,0.34,loam,1895,1,378.1
2008,Nyanza,Wheat,1898.4,22.1,28.0,3.2,0.67,loam,1435,1,1237.1
2010,Rift Valley,Maize,991.0,20.5,38.5,6.06,0.84,volcanic,2173,1,3045.4
2023,Western,Maize,1850.5,22.0,5.2,1.96,1.17,clay,1765,0,1095.8
2011,Eastern,Beans,561.3,27.1,39.4,3.66,0.65,sandy,1010,0,261.2
2020,Eastern,Coffee,1042.6,26.3,34.7,3.8,1.24,sandy,651,0,251.5
2012,Western,Coffee,1520.5,21.9,26.3,4.15,0.26,loam,1992,0,711.0
2007,Coast,Maize,779.7,28.2,49.1,4.68,2.21,sandy,411,0,622.2
2008,Eastern,Maize,216.5,22.4,34.0,1.55,3.22,clay,1153,0,1110.5
2012,Rift Valley,Tea,825.8,18.9,41.0,2.69,2.0,volcanic,1767,1,11930.4
2014,Rift Valley,Beans,544.8,19.8,19.4,0.47,0.47,loam,2481,1,1125.0
2017,Coast,Maize,524.2,24.2,77.4,3.08,0.74,sandy,70,0,785.4
2000,North Eastern,Beans,203.8,28.0,24.5,3.75,2.54,clay,219,0,200.8
2004,Eastern,Wheat,643.9,21.4,18.6,3.22,1.15,clay,1469,0,1067.9
2007,Central,Coffee,1337.4,15.7,28.6,3.39,0.74,volcanic,2761,1,1196.2
2014,Nyanza,Tea,1487.9,25.7,39.8,3.9,2.2,clay,1229,0,3606.5
2019,Central,Maize,1310.2,15.5,34.0,0.06,1.54,volcanic,2903,1,1384.8
2003,Nyanza,Sorghum,1261.6,24.5,12.1,4.08,0.58,clay,1389,1,871.0
2000,North Eastern,Wheat,403.3,34.0,55.6,2.61,1.37,sandy,544,1,293.9
2015,Central,Beans,1151.5,22.2,50.9,0.0,0.83,loam,2405,1,969.2
2002,North Eastern,Coffee,250.0,29.9,44.7,0.0,0.77,clay,503,0,100.0
2022,Nyanza,Wheat,1156.8,21.1,38.4,3.92,3.88,clay,1650,0,1311.4
2014,Eastern,Tea,526.8,26.1,42.0,1.72,0.91,clay,1023,0,1464.2
2019,Central,Coffee,1468.3,17.2,42.7,0.33,1.09,loam,2072,1,1016.1
2020,Western,Maize,1435.4,20.8,49.6,1.63,1.5,loam,1957,0,1409.9
2005,Western,Beans,1493.4,21.8,37.0,3.26,1.04,loam,1611,0,715.4
2019,North Eastern,Wheat,303.5,25.5,19.1,3.18,1.34,clay,260,0,424.4
2012,Rift Valley,Beans,953.1,17.8,0.0,2.3,3.65,loam,2576,1,968.8
2015,North Eastern,Wheat,170.7,29.6,50.1,5.19,2.21,clay,315,0,320.9
2000,Coast,Wheat,1099.6,29.3,33.6,0.46,0.84,loam,204,0,487.6
2010,Central,Maize,1182.6,20.8,50.4,2.01,0.5,volcanic,2601,1,2430.3
2021,Central,Maize,1326.7,15.6,73.6,0.0,3.38,loam,1913,1,1329.7
2008,Coast,Beans,992.6,28.8,31.4,1.77,3.55,sandy,454,0,186.7
2021,North Eastern,Beans,310.6,26.1,32.1,2.44,0.63,clay,392,0,252.6
2023,Central,Beans,1078.5,16.8,48.5,3.13,0.39,volcanic,2786,1,1334.5
2005,Eastern,Coffee,556.1,21.0,54.8,1.73,1.15,sandy,675,0,296.3
2001,Nyanza,Maize,1573.1,22.6,47.4,1.59,1.43,clay,1586,0,1371.2
2003,Coast,Sorghum,1595.1,28.0,47.7,4.54,1.22,loam,341,0,354.7
2003,Coast,Maize,1310.8,29.7,50.9,1.96,0.49,sandy,515,0,439.4
2021,North Eastern,Wheat,215.8,28.5,23.9,1.4,9.07,sandy,467,0,216.4
2017,Rift Valley,Wheat,1311.0,21.3,43.4,2.8,3.71,volcanic,1556,1,3446.8
2018,North Eastern,Beans,285.4,31.5,8.7,1.71,2.35,clay,443,0,100.0
2004,Coast,Tea,763.6,29.3,68.7,0.43,1.06,sandy,49,0,641.5
2022,Nyanza,Beans,1664.3,23.0,47.9,1.06,0.89,loam,1402,1,691.2
2011,Western,Wheat,1750.9,24.8,15.8,1.65,1.28,clay,1932,0,733.2
2012,North Eastern,Maize,257.7,28.9,38.4,3.75,1.71,clay,398,0,510.7
2008,Nyanza,Coffee,1347.4,21.4,2.7,5.87,0.99,clay,1543,0,713.1
2006,Western,Sorghum,1553.2,24.1,69.1,1.78,0.81,clay,1850,0,405.2
2023,Nyanza,Tea,1304.7,23.2,61.4,0.24,0.34,loam,1208,0,4656.7
2023,Central,Maize,1239.1,16.8,48.7,0.0,2.18,volcanic,1711,1,1634.8
2013,Rift Valley,Beans,806.9,18.8,92.9,0.25,1.61,loam,2400,1,1278.6
2006,Coast,Wheat,795.8,28.6,66.6,1.62,0.74,loam,101,1,835.6
2018,Eastern,Wheat,522.3,20.5,50.2,0.97,0.79,clay,1177,0,955.3
2001,Central,Tea,1109.4,19.9,46.5,2.95,2.09,volcanic,2561,1,11838.2
2019,Coast,Tea,794.3,29.6,21.0,3.54,0.94,loam,339,0,814.5
2016,Central,Coffee,1274.2,15.0,20.7,2.86,2.17,volcanic,2482,1,891.0
2011,Nyanza,Sorghum,1970.4,22.9,25.8,0.23,0.38,clay,1524,1,246.2
2021,Western,Wheat,1550.5,24.6,57.4,2.84,0.72,clay,1456,0,826.6
2000,Central,Wheat,1466.1,16.8,13.2,1.77,0.48,volcanic,1815,1,2516.1
2009,Rift Valley,Beans,739.0,22.1,55.8,3.28,3.21,volcanic,2522,1,1144.2
2023,Central,Tea,1209.9,18.4,32.7,6.08,1.53,loam,2237,1,11828.8
2003,Nyanza,Beans,1358.6,24.2,37.9,5.41,0.4,loam,1732,0,743.3
2003,Rift Valley,Sorghum,1043.1,18.2,40.7,1.96,2.31,volcanic,2408,1,1019.1
2022,Central,Sorghum,1338.7,18.4,67.2,0.97,1.51,loam,2227,1,520.5
2019,Rift Valley,Beans,1230.1,17.7,39.4,2.55,0.29,loam,2607,1,871.1
2023,Rift Valley,Tea,1009.3,19.0,31.3,2.34,1.27,loam,1773,1,9031.0
2010,Nyanza,Tea,1853.6,22.7,29.2,2.76,3.32,loam,1342,0,5013.3
2011,Eastern,Coffee,461.1,24.4,79.1,1.74,0.64,clay,767,0,477.3
2008,Nyanza,Tea,1255.3,25.2,79.2,3.18,1.43,clay,1799,0,4316.2
2012,Eastern,Maize,433.0,27.2,13.0,1.88,1.38,sandy,1398,0,495.1
2014,Central,Wheat,1074.9,17.8,49.9,2.89,0.92,volcanic,2285,1,3878.9
2011,Western,Sorghum,1303.1,21.2,50.7,2.64,0.74,clay,1615,0,475.3
2013,Coast,Wheat,1349.0,28.0,0.0,3.06,0.93,loam,588,0,403.8
2021,Western,Tea,1585.5,24.3,42.3,1.31,0.71,loam,1778,0,4952.7
2021,Nyanza,Beans,1605.9,19.8,30.6,4.13,1.41,loam,1319,0,649.1
2016,North Eastern,Maize,337.7,28.4,98.5,1.01,0.71,sandy,392,0,352.2
2011,North Eastern,Maize,413.2,33.0,3.2,0.58,0.87,clay,488,0,260.6
2023,Eastern,Coffee,666.0,20.8,33.2,2.16,1.86,clay,1003,0,392.2
2002,Rift Valley,Sorghum,902.6,16.7,24.2,2.08,0.7,loam,1707,1,632.3
2006,North Eastern,Sorghum,451.5,31.9,0.0,2.78,0.85,sandy,199,0,467.2
2021,Western,Sorghum,1436.9,26.6,51.7,3.51,3.07,clay,1235,0,453.8
2008,Coast,Sorghum,949.5,28.5,12.6,4.89,1.34,sandy,461,0,391.3
2015,Coast,Coffee,1390.0,26.6,58.6,5.22,3.16,loam,192,1,507.6
2019,Rift Valley,Beans,589.8,22.0,71.5,2.53,3.41,loam,1557,1,1146.7
2014,Coast,Beans,1457.4,27.1,72.0,3.84,1.21,loam,21,1,405.0
2018,Central,Beans,1021.4,18.0,40.7,0.0,2.14,loam,2295,1,1038.0
2003,Nyanza,Tea,840.1,21.5,74.6,0.26,1.35,clay,1316,0,4958.9
2018,Nyanza,Sorghum,1184.9,20.4,59.6,0.0,3.03,loam,1474,0,815.0
2007,Central,Beans,909.8,15.2,64.3,3.3,0.88,volcanic,2217,1,1400.6
2002,Coast,Maize,1050.3,30.3,29.2,3.84,0.43,sandy,482,0,393.4
2003,Nyanza,Wheat,1330.6,21.8,69.4,1.45,0.65,loam,1320,0,1812.5
2002,Central,Sorghum,1183.6,19.2,46.9,3.19,2.01,volcanic,2384,1,800.6
2009,Nyanza,Maize,1184.6,24.6,53.1,2.93,3.39,loam,1631,0,1691.3
2013,Coast,Beans,650.8,27.3,22.8,1.16,0.31,loam,91,0,383.7
2017,Rift Valley,Coffee,944.8,19.0,42.0,1.34,1.37,volcanic,2057,1,1369.5
2018,Coast,Maize,965.5,27.3,57.8,0.82,0.79,loam,217,0,948.7
2005,Rift Valley,Coffee,713.4,20.3,35.1,0.0,4.72,loam,1743,1,1023.4
2021,Western,Beans,1316.2,23.0,42.8,2.31,4.83,clay,1811,0,515.9
2020,Rift Valley,Beans,699.3,18.3,68.3,3.66,1.21,loam,1973,1,1311.9
2007,Central,Maize,1175.9,14.2,61.1,4.65,2.53,volcanic,1688,1,1733.5
2023,Western,Coffee,1580.5,20.9,70.9,0.65,1.36,clay,1670,0,685.9
2018,Coast,Tea,1097.2,27.7,41.9,3.39,0.76,loam,267,0,1411.3
2003,Eastern,Wheat,486.3,25.2,30.7,2.04,3.01,clay,812,0,781.4
2007,Coast,Beans,253.5,26.7,49.1,1.03,1.41,loam,157,0,399.0
2014,Coast,Wheat,823.3,26.1,36.4,1.13,1.01,loam,270,0,731.9
2013,Eastern,Tea,381.4,25.1,89.2,3.67,0.74,clay,520,0,2016.7
2023,Central,Tea,1135.2,17.4,60.2,1.83,0.73,loam,2428,1,10576.0
2020,Nyanza,Maize,1287.1,23.6,51.7,4.43,0.47,clay,1690,0,1440.0
2004,North Eastern,Tea,335.1,31.0,70.4,2.11,1.9,clay,192,1,382.8
2008,Eastern,Beans,405.7,25.3,26.3,0.27,0.7,clay,1145,0,330.8
2018,Central,Sorghum,1066.6,15.5,61.9,3.14,0.46,loam,1680,1,501.6
2019,Coast,Wheat,1221.9,31.0,62.4,3.25,2.89,loam,531,0,426.8
2019,Nyanza,Wheat,1134.5,23.2,9.9,0.99,5.69,clay,1338,1,1302.7
2003,Rift Valley,Sorghum,729.1,18.2,45.4,2.41,1.98,volcanic,2413,1,907.8
2010,Coast,Beans,882.9,29.0,26.9,1.58,0.93,loam,273,0,343.5
2016,Central,Tea,1321.0,16.4,12.4,3.12,1.95,volcanic,1841,1,9737.1
2005,Coast,Maize,837.1,26.6,38.5,3.02,0.49,sandy,5,0,615.1
2005,Western,Sorghum,1559.9,21.4,34.4,1.58,1.06,clay,1311,0,319.5
2018,Western,Coffee,794.7,22.8,40.7,0.0,1.68,clay,1672,0,541.3
2013,Eastern,Beans,554.4,26.1,15.3,1.47,1.86,sandy,1373,1,353.6
2000,North Eastern,Tea,120.1,27.9,49.9,3.47,0.84,clay,221,0,294.1
2005,Rift Valley,Tea,1078.0,21.1,3.1,1.11,0.47,loam,2474,1,6904.4
2006,Rift Valley,Tea,799.6,16.3,46.5,2.41,1.92,volcanic,2598,1,12545.3
2020,Nyanza,Maize,1019.6,22.7,41.4,0.0,1.7,loam,1416,0,1494.8
2008,Coast,Wheat,588.0,29.0,77.4,3.13,1.64,loam,525,1,865.8
2000,North Eastern,Maize,174.5,29.4,24.0,2.4,3.21,clay,387,0,400.4
2021,Central,Beans,1069.2,13.3,50.2,4.56,1.23,volcanic,2409,1,1115.9
2017,Coast,Coffee,1156.6,26.9,36.1,0.49,0.74,sandy,415,1,231.8
2018,Eastern,Maize,501.3,26.6,20.4,1.47,1.77,sandy,766,1,697.0
2003,Central,Beans,639.6,17.9,11.5,3.25,1.48,loam,2514,1,1071.9
2007,Rift Valley,Wheat,948.4,15.2,5.5,1.66,0.66,volcanic,2649,1,3209.6
2012,Nyanza,Coffee,1726.6,22.2,40.4,0.74,4.42,loam,1761,1,1068.7
2010,Eastern,Sorghum,695.8,24.4,23.5,1.91,4.37,sandy,1335,0,726.8
2010,North Eastern,Coffee,364.8,38.3,47.8,1.74,1.33,clay,513,1,100.0
2012,Western,Beans,1208.0,22.9,32.1,1.36,0.79,loam,1379,0,663.1
2005,North Eastern,Beans,202.2,31.2,36.5,3.46,1.29,clay,271,0,124.9
2012,Eastern,Maize,389.2,15.2,48.7,3.86,0.26,clay,1263,0,710.5
2009,Eastern,Coffee,683.0,22.7,0.0,2.8,1.83,clay,1019,0,366.8
2014,Western,Wheat,1488.2,24.6,41.4,3.78,1.9,loam,1680,0,1064.7
2004,Eastern,Sorghum,548.6,24.9,76.3,1.99,1.64,sandy,677,0,912.3
2022,Rift Valley,Tea,631.0,16.8,19.1,3.52,0.55,volcanic,2714,1,11459.7
2011,Nyanza,Maize,1225.8,24.2,73.4,3.09,0.58,loam,1217,0,2050.6
2005,Central,Tea,1327.3,21.6,61.2,4.62,1.57,loam,2021,1,12506.4
2008,Rift Valley,Coffee,756.4,18.5,63.6,2.79,0.93,volcanic,1867,1,1557.4
2023,Nyanza,Tea,1881.7,18.8,64.1,1.09,0.52,clay,1774,0,6107.5
2019,Rift Valley,Maize,803.3,18.5,36.6,3.41,3.53,volcanic,2727,1,2589.1
2016,North Eastern,Wheat,306.6,26.0,35.1,3.0,3.35,clay,360,0,447.8
2018,Rift Valley,Maize,1017.6,20.9,58.9,4.11,0.87,loam,2254,1,2609.9
2022,Coast,Maize,479.0,28.7,43.0,0.23,1.85,sandy,455,0,409.5
2011,Western,Wheat,1794.6,20.9,23.6,2.49,1.2,clay,1938,0,804.7
2016,Central,Coffee,932.3,18.4,27.9,5.08,5.45,loam,2913,1,1157.7
2015,Rift Valley,Beans,1255.0,19.1,3.3,2.23,2.64,volcanic,1954,1,1023.3
2019,Western,Coffee,1540.8,21.7,21.6,4.09,0.64,clay,1476,0,580.1
2018,Western,Wheat,1566.4,23.6,55.9,0.0,3.36,clay,1391,0,729.5
2002,Central,Maize,838.6,16.5,39.1,2.67,1.41,loam,1954,1,1404.6
2003,Coast,Coffee,1269.9,29.8,35.4,0.24,1.6,loam,514,0,217.2
2007,North Eastern,Maize,287.8,32.9,26.0,2.01,1.03,sandy,562,0,181.3
2010,Western,Sorghum,1451.1,23.8,74.0,1.9,2.17,clay,1466,0,426.2
2012,Eastern,Beans,555.0,27.3,37.7,2.52,0.89,sandy,1059,0,257.1
2015,Nyanza,Wheat,1178.8,21.3,0.0,1.97,1.15,clay,1733,0,1188.5
2022,Nyanza,Coffee,699.2,23.9,37.6,2.0,1.57,loam,1607,0,563.6
2018,Nyanza,Maize,1962.6,23.2,52.0,1.04,2.31,loam,1588,0,1266.9
2010,Eastern,Coffee,853.5,24.0,36.2,1.96,1.19,sandy,1281,1,371.4
2004,Nyanza,Tea,1536.4,22.9,45.2,0.9,2.05,loam,1463,0,4846.9
2012,North Eastern,Sorghum,338.2,30.2,54.7,2.38,1.43,sandy,403,0,475.5
2011,Coast,Sorghum,1151.7,27.8,65.2,3.11,1.15,sandy,256,0,369.1
2016,Rift Valley,Tea,1261.5,22.3,41.3,4.99,1.21,loam,2374,1,8833.8
2021,North Eastern,Wheat,292.8,30.3,37.7,0.33,5.24,sandy,332,0,157.6
2020,Central,Sorghum,1160.9,19.8,51.0,1.71,1.0,volcanic,2265,1,710.2
2017,Western,Coffee,1759.7,19.7,72.7,0.78,1.67,clay,1524,0,633.3
2002,Western,Wheat,1853.2,21.7,104.9,5.96,1.19,loam,1564,0,1318.5
2019,Rift Valley,Coffee,738.5,18.6,19.1,5.18,4.38,volcanic,2182,1,1180.8
2006,Nyanza,Maize,1580.9,21.3,89.7,2.9,3.3,clay,1698,1,2013.1
2023,Central,Tea,1006.4,19.3,28.3,3.26,2.13,volcanic,2629,1,13579.7
2021,Rift Valley,Tea,1173.6,19.3,57.0,4.34,1.71,volcanic,1589,1,12485.3
2020,Eastern,Sorghum,422.7,24.1,46.6,5.02,0.54,clay,1357,0,1317.7
2008,North Eastern,Tea,393.6,28.2,2.7,4.01,0.84,sandy,215,0,186.9
2002,Western,Maize,1193.7,22.2,31.7,4.75,3.63,clay,1883,1,2198.8
2002,Eastern,Coffee,533.0,20.1,44.7,1.36,0.29,clay,966,0,526.1
2004,Eastern,Sorghum,584.1,23.0,51.8,3.52,1.67,clay,1383,0,1108.2
2021,Western,Maize,1696.8,22.0,56.5,1.38,0.75,loam,1873,1,1928.3
2018,Coast,Sorghum,1287.3,28.4,46.2,0.86,0.73,loam,38,1,756.7
2023,Nyanza,Coffee,1078.8,21.4,53.8,2.15,4.11,loam,1108,0,868.2
2015,Eastern,Beans,590.1,26.7,41.6,4.1,0.94,clay,935,0,453.8
2005,Coast,Sorghum,1199.4,26.9,60.0,1.75,0.78,loam,219,0,641.2
2004,Rift Valley,Tea,521.3,19.4,40.0,1.27,2.14,loam,2315,1,10162.8
2018,Western,Beans,1060.9,21.3,59.6,1.92,4.56,clay,1975,0,743.5
2007,Eastern,Coffee,244.2,20.8,43.3,2.99,0.71,sandy,1474,0,323.8
2009,North Eastern,Tea,236.4,35.5,14.6,4.8,1.25,clay,434,0,248.3
2008,Rift Valley,Maize,871.7,20.8,55.8,2.47,0.39,loam,2518,1,3356.5
2010,Rift Valley,Maize,909.2,20.5,69.9,2.8,1.18,volcanic,1737,1,2572.8
2011,Eastern,Coffee,699.6,23.1,55.2,2.06,1.29,clay,805,0,446.7
2022,Nyanza,Coffee,1333.5,24.9,27.4,2.58,0.8,clay,1485,0,515.3
2002,North Eastern,Tea,227.9,29.0,80.0,2.04,1.74,sandy,522,0,210.5
2019,Central,Coffee,1042.5,17.5,79.3,3.0,1.05,volcanic,2213,1,1358.8
2019,North Eastern,Sorghum,345.5,29.1,23.6,3.16,2.55,clay,501,0,829.7
2018,North Eastern,Wheat,309.5,30.4,58.7,3.67,1.38,clay,245,0,285.5
2017,Rift Valley,Tea,1019.0,17.9,31.7,1.11,1.32,loam,1524,1,8899.3
2015,Eastern,Sorghum,688.9,22.8,43.6,0.95,1.83,clay,650,0,929.8
2019,Coast,Maize,1134.6,31.1,62.0,1.24,2.1,loam,163,0,660.5
2016,Rift Valley,Sorghum,939.5,19.2,44.6,2.61,0.55,loam,1611,1,746.6
2009,Rift Valley,Beans,769.1,14.9,47.5,4.68,0.89,loam,1512,1,1065.7
2018,Rift Valley,Coffee,862.5,20.7,23.5,1.76,0.33,volcanic,2712,1,1070.8
2008,Coast,Sorghum,1135.4,25.6,38.5,3.76,1.26,loam,180,1,864.7
2001,Nyanza,Wheat,1461.4,23.8,68.3,1.19,1.25,loam,1366,1,1643.6
2011,Nyanza,Wheat,1331.4,23.3,33.7,4.24,1.93,loam,1563,0,1221.0
2001,Coast,Tea,688.4,30.2,31.9,2.25,2.14,loam,499,1,1388.0
2015,North Eastern,Maize,443.9,25.1,28.9,2.55,2.99,clay,412,0,613.0
2011,Central,Beans,878.7,18.0,16.7,4.61,0.76,volcanic,1600,1,1639.1
2016,Western,Maize,1177.9,19.8,53.4,3.41,1.03,clay,1726,0,1327.7
2010,Central,Coffee,1126.9,18.0,50.4,4.51,1.27,loam,2005,1,1397.5
2020,Western,Maize,1334.4,22.9,36.3,3.98,3.1,loam,1829,0,2255.0
2005,Central,Beans,1503.2,14.0,40.2,1.47,1.09,volcanic,2963,1,873.9
2023,North Eastern,Beans,229.2,29.9,51.1,1.61,0.37,sandy,396,0,105.6
2022,Central,Maize,1045.2,14.5,4.4,4.74,2.13,loam,1980,1,1149.9
2021,Rift Valley,Maize,956.8,19.0,32.0,0.42,2.7,volcanic,2645,1,2059.5
2019,Coast,Tea,922.1,25.0,35.1,2.09,0.2,sandy,499,0,775.8
2016,Eastern,Coffee,301.0,24.3,88.7,0.5,1.27,clay,988,0,460.0
2003,Rift Valley,Sorghum,688.5,20.2,37.7,2.82,0.68,volcanic,1851,1,1219.5
2003,Nyanza,Maize,1923.8,24.4,24.9,2.33,0.92,clay,1169,0,1139.7
2015,Coast,Maize,1710.8,30.8,44.8,2.95,1.32,sandy,248,0,294.4
2022,North Eastern,Beans,193.8,31.0,52.5,3.46,0.78,sandy,401,0,100.0
2015,Central,Coffee,1233.3,19.5,81.4,3.78,4.97,loam,1974,1,1476.2
2011,Eastern,Coffee,362.5,24.9,51.0,3.59,1.72,sandy,1463,0,256.3
2015,Coast,Wheat,994.2,28.2,63.3,4.88,0.84,loam,448,0,780.6
2020,Western,Beans,1260.4,19.8,0.0,2.35,0.89,clay,1392,1,631.9
2021,Western,Sorghum,1532.6,23.4,70.0,2.61,4.22,loam,1473,1,528.6
2017,Nyanza,Coffee,1229.7,24.0,45.8,2.57,2.59,loam,1199,1,833.1
2011,North Eastern,Wheat,357.7,26.2,42.7,1.15,1.12,clay,352,1,493.4
2003,Western,Maize,1468.4,24.8,32.3,3.07,1.49,clay,1437,0,994.9
2013,Western,Wheat,1958.4,22.4,53.2,0.25,3.11,clay,1414,0,735.7
2023,Central,Sorghum,1113.5,17.5,21.5,4.43,0.87,loam,2181,1,588.6
2010,Eastern,Coffee,596.6,20.6,16.9,2.98,0.52,clay,861,0,404.5
2009,Rift Valley,Coffee,691.4,19.7,32.3,3.15,1.31,loam,1933,1,1188.1
2010,Rift Valley,Maize,459.4,18.6,44.9,0.81,0.63,volcanic,2464,1,2505.1
2006,Central,Beans,1312.9,15.0,39.5,2.24,1.58,volcanic,2177,1,955.0
2012,Nyanza,Maize,853.7,21.8,47.4,3.38,1.26,loam,1567,0,2045.2
2012,Rift Valley,Wheat,952.5,17.4,30.6,4.18,4.14,loam,1812,1,4132.4
2014,Coast,Tea,902.6,28.5,42.1,2.54,0.8,sandy,248,1,713.0
2022,Central,Beans,1177.3,16.2,21.5,2.9,1.54,volcanic,1761,1,1048.2
2000,Eastern,Beans,438.4,21.5,67.4,2.53,2.01,clay,1444,0,675.6
2012,Central,Sorghum,889.7,18.3,63.8,5.27,2.44,volcanic,2620,1,1075.3
2018,Nyanza,Wheat,1259.5,21.5,67.0,1.52,0.77,loam,1105,0,1722.2
2011,Western,Wheat,1636.8,24.3,21.8,2.19,3.82,clay,1623,0,712.8
2015,Coast,Coffee,1116.6,25.7,62.3,2.39,1.43,sandy,294,0,216.4
2022,Central,Tea,1198.3,19.0,51.7,2.59,1.89,loam,2647,1,11357.0
2006,Western,Wheat,1608.3,24.7,55.5,2.49,1.57,loam,1218,0,1134.5
2019,Central,Tea,1318.1,19.2,56.4,3.26,2.85,volcanic,2570,1,15712.1
2011,Rift Valley,Tea,927.3,18.4,50.0,0.07,1.25,loam,2694,1,10093.3
2013,Coast,Wheat,550.8,29.5,53.9,4.88,0.78,sandy,418,0,379.5
2014,Western,Coffee,1621.5,20.5,59.8,2.17,1.95,clay,1475,0,661.4
2003,Eastern,Maize,590.2,21.5,29.6,4.49,2.41,sandy,1494,0,809.3
2000,North Eastern,Sorghum,367.8,26.5,3.6,5.3,0.51,sandy,185,0,685.3
2014,Eastern,Maize,521.9,24.3,19.4,2.84,0.41,clay,936,0,1005.8
2009,Nyanza,Sorghum,1436.4,23.6,38.1,2.51,0.9,loam,1204,0,620.0
2017,Central,Tea,1298.8,11.3,22.9,0.81,1.13,loam,2205,1,7193.7
2017,Western,Coffee,1539.9,23.5,36.1,2.55,0.97,loam,1255,0,650.5
2013,Rift Valley,Tea,1123.7,19.0,36.4,2.33,3.33,loam,2607,1,9185.8
2016,Eastern,Maize,447.1,22.1,42.1,1.98,2.18,clay,848,0,1009.0
2003,Central,Sorghum,1592.5,17.0,60.2,4.51,0.8,loam,2155,1,314.8
2022,Rift Valley,Beans,770.2,17.1,49.5,2.83,0.78,volcanic,2789,1,1083.7
2003,Eastern,Coffee,611.2,21.3,58.7,3.15,1.08,clay,1368,0,583.6
2004,Eastern,Tea,357.1,22.5,44.2,2.59,1.02,clay,1356,0,1536.0
2012,Western,Maize,1614.9,20.7,54.0,3.09,2.53,loam,1873,0,1839.2
2004,North Eastern,Maize,292.6,30.5,26.7,2.8,0.88,clay,474,0,386.1
2006,Western,Coffee,1428.8,21.8,48.2,4.86,0.37,clay,1246,1,836.2
2004,Eastern,Wheat,829.9,25.4,16.2,3.48,0.68,clay,1280,1,1008.9
2000,Nyanza,Tea,1135.6,23.2,63.3,3.89,1.38,clay,1319,0,4720.5
2013,North Eastern,Wheat,231.1,32.4,40.0,2.23,1.61,sandy,351,0,183.4
2008,Coast,Tea,1597.4,28.8,71.8,1.65,0.77,sandy,375,0,637.8
2002,Nyanza,Tea,1318.9,22.9,79.1,3.53,3.96,loam,1358,1,8534.8
2001,Coast,Tea,935.0,26.1,66.7,3.89,0.88,loam,174,1,2083.7
2004,Rift Valley,Maize,900.4,16.2,30.7,3.08,0.55,loam,2697,1,2035.8
2020,Eastern,Wheat,739.1,25.8,41.8,1.84,0.93,sandy,1091,0,452.5
2013,Eastern,Maize,571.4,28.8,49.2,3.87,1.48,sandy,758,0,594.7
2003,Coast,Coffee,857.5,26.7,75.3,3.11,0.56,sandy,412,0,248.0
2019,Western,Beans,2127.8,20.3,33.5,1.95,1.01,clay,1244,1,462.4
2006,Nyanza,Coffee,1632.1,22.0,37.5,1.67,0.5,clay,1449,0,568.3
2019,North Eastern,Tea,207.6,27.6,53.0,0.0,0.9,sandy,327,0,245.3
2013,Western,Beans,1497.7,19.9,2.4,0.96,1.46,clay,1257,0,575.6
2000,Central,Sorghum,1074.0,13.9,59.4,4.59,4.01,volcanic,1527,1,581.8
2007,Rift Valley,Maize,929.9,19.7,40.1,0.0,1.51,loam,2262,1,2550.1
2022,North Eastern,Wheat,351.2,28.2,36.0,4.6,3.96,sandy,536,0,289.2
2002,Nyanza,Maize,1206.0,24.7,40.4,1.72,2.08,loam,1450,0,1510.2
2005,Eastern,Coffee,494.4,19.8,40.3,3.85,0.72,clay,1069,0,575.9
2006,Western,Sorghum,1160.8,19.5,22.2,2.26,0.66,loam,1687,0,548.2
2019,Coast,Sorghum,1080.1,31.4,0.0,1.46,3.77,loam,141,0,463.3
2002,Central,Wheat,1427.1,14.8,23.5,1.59,0.93,volcanic,2390,1,2413.8
2002,Rift Valley,Coffee,993.7,19.3,64.6,3.16,0.91,volcanic,1941,1,1234.4
2020,Rift Valley,Coffee,911.4,19.5,70.6,3.26,1.97,volcanic,2380,1,1760.5
2013,Western,Coffee,1733.0,22.7,75.2,2.5,0.59,clay,1662,1,856.9
2017,Nyanza,Beans,1254.9,21.8,49.8,1.96,1.22,loam,1573,0,846.1
2005,Central,Maize,1117.6,15.9,27.3,2.76,6.79,loam,2153,1,1291.9
2019,North Eastern,Coffee,175.4,29.0,40.9,0.0,3.57,clay,548,1,129.3
2011,Nyanza,Beans,1348.1,22.1,48.8,1.37,0.6,clay,1620,1,763.8
2007,Coast,Maize,994.0,27.8,64.4,0.88,0.79,loam,228,0,1068.2
2008,Western,Wheat,1464.0,22.9,12.3,3.39,1.03,loam,1857,0,1271.9
2002,Coast,Maize,1388.1,24.9,29.4,2.65,0.71,loam,556,0,981.3
2017,Nyanza,Sorghum,1184.5,22.6,46.2,4.71,2.46,loam,1726,0,907.5
2001,Eastern,Sorghum,597.5,21.3,43.6,4.45,2.03,sandy,786,0,725.3
2015,North Eastern,Wheat,291.0,24.3,41.1,3.8,0.97,clay,544,0,588.5
2004,Coast,Beans,1034.7,27.9,46.4,2.67,1.76,loam,214,0,362.7
2008,Western,Sorghum,1686.7,27.0,3.2,2.45,2.11,loam,1469,0,250.4
2005,North Eastern,Maize,250.2,26.7,36.9,3.13,1.95,clay,205,0,682.8
2014,Eastern,Beans,432.6,26.1,81.7,0.99,1.06,sandy,1389,1,375.1
2018,North Eastern,Sorghum,229.6,31.0,75.6,5.24,0.9,sandy,192,1,821.3
2007,Nyanza,Sorghum,1082.2,22.0,29.7,5.69,0.19,clay,1582,0,763.8
2008,Eastern,Maize,523.4,26.0,59.3,2.47,0.79,sandy,916,0,557.4
2000,Rift Valley,Wheat,903.3,18.3,17.9,1.06,0.67,loam,2643,1,3072.3
2010,Western,Tea,1625.7,20.7,17.9,4.3,0.92,clay,1894,0,5639.3
2018,Nyanza,Coffee,1902.9,24.5,65.2,2.64,0.77,clay,1479,0,580.2
2020,North Eastern,Maize,318.4,34.1,65.3,3.56,2.11,sandy,472,0,262.4
2008,Central,Maize,1252.5,14.1,20.7,1.28,0.85,loam,1578,1,934.4
2001,Western,Beans,1518.6,22.2,35.1,2.68,3.32,loam,1564,0,687.7
2007,Eastern,Maize,765.3,23.0,69.1,2.38,0.37,clay,1122,0,1332.6
2009,Central,Maize,1573.7,17.1,24.0,0.78,2.89,volcanic,2153,1,1384.2
2016,Rift Valley,Coffee,964.6,21.6,65.9,3.32,2.44,loam,2775,1,1327.3
2014,Nyanza,Sorghum,1109.5,23.5,55.0,1.62,2.89,clay,1360,0,813.0
2006,Rift Valley,Sorghum,1293.8,20.9,24.8,3.36,1.47,loam,1950,1,746.2
2018,Central,Coffee,1246.8,16.5,64.0,2.71,0.34,volcanic,2206,1,1266.5
2016,Central,Maize,1070.7,14.8,73.7,3.82,1.34,volcanic,2245,1,2133.2
2003,Coast,Sorghum,1512.3,29.8,51.0,3.59,3.7,sandy,510,0,248.0
2023,Nyanza,Sorghum,684.7,24.5,42.7,3.14,0.82,clay,1340,0,929.0
2012,Central,Sorghum,1039.4,15.2,71.7,3.93,5.26,loam,1611,1,568.0
2022,Eastern,Tea,322.8,25.6,38.3,0.0,0.75,sandy,1271,0,887.8
2023,Rift Valley,Tea,973.7,18.2,40.6,4.42,1.54,volcanic,1925,1,13057.8
2009,Eastern,Coffee,645.6,28.8,12.1,2.45,0.44,sandy,1170,0,160.8
2002,North Eastern,Maize,278.5,28.8,62.5,3.92,0.79,clay,336,0,577.4
2019,North Eastern,Beans,296.7,24.1,13.4,2.8,2.26,clay,563,1,290.0
2023,North Eastern,Beans,390.3,28.0,38.9,1.12,1.36,clay,361,1,194.2
2006,Nyanza,Maize,1541.0,23.2,20.3,3.28,6.11,loam,1213,0,1522.5
2004,Western,Beans,1568.7,23.7,37.7,1.92,1.97,loam,1592,0,666.1
2020,Rift Valley,Sorghum,1095.2,21.8,27.4,2.08,0.65,volcanic,1970,1,973.2
2007,Eastern,Wheat,687.3,22.4,37.7,1.55,4.56,sandy,1134,0,640.9
2001,North Eastern,Sorghum,362.4,30.7,34.8,2.21,1.28,clay,531,0,772.9
2011,Rift Valley,Sorghum,899.3,16.7,70.1,3.82,1.16,loam,2182,1,843.3
2015,Rift Valley,Coffee,929.0,19.0,33.0,4.85,0.76,volcanic,2737,1,1652.4
2002,Western,Tea,1849.1,21.1,52.8,2.21,1.69,clay,1594,1,6541.1
2013,Coast,Coffee,857.4,26.7,35.2,1.85,1.99,loam,151,0,335.6
2022,Western,Tea,1445.5,23.8,23.5,5.27,5.22,loam,1377,0,5841.4
2021,Rift Valley,Tea,1047.4,20.2,27.4,6.87,0.55,volcanic,2396,1,10695.3
2000,Nyanza,Beans,1023.9,22.6,47.7,3.55,1.6,loam,1484,0,807.3
2014,Coast,Beans,524.7,30.8,43.2,1.91,1.04,sandy,252,0,121.5
2016,Western,Wheat,2067.3,20.5,6.7,0.0,1.21,clay,1502,0,456.1
2000,Coast,Wheat,673.7,27.8,17.6,3.46,0.52,sandy,492,0,346.3
2020,North Eastern,Beans,291.0,33.6,46.9,2.41,2.8,clay,172,1,167.0
2002,Coast,Wheat,1487.6,25.3,73.8,2.11,1.38,loam,35,1,842.7
2003,North Eastern,Maize,308.1,34.1,35.6,1.89,1.96,sandy,305,1,201.4
2009,Rift Valley,Coffee,780.5,20.2,13.9,2.78,2.0,loam,1521,1,1058.9
2005,Nyanza,Sorghum,1726.9,22.3,54.3,1.21,0.97,clay,1410,0,310.0
2021,Nyanza,Coffee,725.5,20.7,28.4,2.49,1.22,clay,1713,0,619.9
2022,Central,Wheat,1304.2,18.3,51.1,2.63,1.18,loam,2219,1,3088.0
2021,Western,Coffee,1727.7,24.1,26.8,3.78,0.63,clay,1737,0,554.9
2022,Coast,Beans,1166.7,27.5,31.4,5.51,0.48,sandy,239,0,223.2
2015,Eastern,Maize,572.7,20.9,27.3,0.0,1.27,sandy,1207,0,766.6
2020,North Eastern,Coffee,270.8,31.7,26.9,2.43,2.22,clay,155,0,105.3
2014,Nyanza,Wheat,778.9,23.1,50.3,1.51,1.42,loam,1345,1,1908.9
2012,Nyanza,Tea,1318.1,25.7,67.7,2.88,0.53,clay,1208,1,5092.7
2013,Central,Coffee,1610.8,17.3,11.7,1.54,0.98,volcanic,2702,1,1032.1
2000,Central,Tea,1300.2,15.0,42.0,3.63,0.42,loam,2087,1,12644.7
2008,Nyanza,Sorghum,2013.5,23.5,0.3,1.72,1.44,clay,1383,0,271.3
2003,Coast,Sorghum,830.3,27.1,54.4,2.26,0.86,sandy,227,1,696.4
2013,Coast,Sorghum,495.4,30.6,20.9,2.01,3.4,sandy,475,0,284.2
2007,Coast,Beans,698.2,25.6,63.2,3.69,2.09,loam,405,1,673.2
2002,Western,Sorghum,1920.8,21.8,22.8,3.52,1.09,clay,1453,0,212.2
2009,Central,Sorghum,1233.0,17.0,72.7,0.35,0.55,volcanic,2127,1,509.9
2014,Central,Coffee,954.1,16.2,76.2,3.37,0.24,loam,1836,1,1424.7
2001,North Eastern,Tea,234.0,30.0,27.2,3.26,0.82,clay,384,0,250.4
2005,Rift Valley,Tea,1089.6,18.4,15.3,4.41,1.26,volcanic,1559,1,14359.9
2012,Western,Beans,1833.9,24.5,54.4,0.81,0.94,clay,1970,0,417.7
2015,Nyanza,Wheat,1305.8,22.9,24.3,1.06,1.65,clay,1105,0,950.1
2005,Nyanza,Tea,1593.2,23.2,5.0,1.21,2.16,loam,1431,0,4342.3
2000,North Eastern,Sorghum,328.0,27.4,27.9,0.0,1.1,sandy,187,1,653.5
2012,North Eastern,Beans,298.4,32.0,45.9,1.53,0.87,sandy,434,0,100.0
2010,North Eastern,Coffee,307.3,34.5,41.5,4.04,8.58,sandy,438,0,100.0
2002,Central,Coffee,1143.4,12.9,43.2,2.55,1.27,loam,2066,1,986.6
2005,Coast,Maize,1628.8,31.2,53.6,1.28,1.3,loam,355,0,622.6
2015,Eastern,Sorghum,653.0,21.5,41.4,0.0,3.7,sandy,576,0,586.5
2014,Central,Coffee,1131.5,15.4,36.8,3.11,5.05,volcanic,2042,1,1246.1
2012,Rift Valley,Maize,1427.6,19.6,32.3,0.0,3.57,loam,2237,1,1588.3
2003,Coast,Tea,674.0,28.2,53.0,3.88,4.03,sandy,470,0,869.3
2017,Rift Valley,Beans,1121.4,18.8,0.0,3.77,0.93,loam,2172,1,932.1
2012,Central,Sorghum,1371.7,16.5,40.8,0.33,1.09,loam,1664,1,365.5
2003,Coast,Sorghum,1087.0,28.8,51.9,1.07,0.58,sandy,12,0,374.2
2006,Nyanza,Beans,1127.4,24.2,7.7,3.02,0.87,loam,1225,0,583.8
2020,Nyanza,Wheat,1376.3,21.8,30.4,3.54,0.94,loam,1183,0,1453.7
2019,Western,Tea,1718.3,21.9,23.1,0.23,0.99,clay,1416,0,4809.9
2015,Central,Maize,1350.9,17.4,49.5,1.53,0.42,volcanic,2799,1,1883.9
2008,Central,Tea,1394.7,17.6,24.5,5.35,1.43,loam,1776,1,11274.6
2021,North Eastern,Maize,212.6,26.2,56.5,2.98,1.78,sandy,199,0,393.9
2022,North Eastern,Sorghum,217.1,26.0,3.3,3.26,0.62,clay,482,0,670.4
2004,North Eastern,Coffee,201.2,20.3,70.2,1.0,1.01,sandy,204,0,131.7
2008,Coast,Tea,623.8,26.9,12.0,5.64,1.33,loam,559,0,1196.1
2009,Western,Coffee,1066.1,28.3,61.1,2.83,1.3,clay,1656,0,455.3
2013,Central,Maize,969.3,13.6,4.1,0.47,0.82,volcanic,2910,1,1349.0
2019,Rift Valley,Tea,1238.5,19.3,0.0,3.01,1.06,volcanic,2001,1,9842.4
2017,Coast,Wheat,297.3,28.6,31.9,3.31,2.61,sandy,72,0,329.1
2005,Coast,Coffee,1000.1,28.0,33.4,2.73,2.41,loam,520,0,280.5
2002,Eastern,Beans,476.6,27.1,53.6,5.27,2.03,sandy,621,0,285.8
2012,Nyanza,Beans,1248.2,20.7,35.5,4.11,1.35,clay,1453,0,761.1
2015,Coast,Wheat,744.0,26.7,20.4,5.2,1.99,sandy,471,0,372.3
2023,Coast,Maize,1025.4,26.6,3.6,1.44,0.51,sandy,19,0,516.4
2000,Rift Valley,Tea,1519.7,18.5,50.2,1.53,1.66,volcanic,1709,1,12525.1
2014,Western,Beans,1229.6,19.3,42.7,2.01,0.53,loam,1632,0,803.2
2021,Coast,Tea,833.4,31.8,11.0,0.0,1.84,sandy,435,1,505.1
2013,Central,Sorghum,1562.9,14.7,8.5,0.82,3.1,loam,1556,1,229.5
2002,Nyanza,Beans,1280.0,22.9,22.0,2.0,1.04,clay,1795,0,515.5
2003,Eastern,Maize,579.9,27.3,49.6,1.21,6.2,sandy,1044,0,590.8
2022,Coast,Beans,1381.3,27.3,34.0,3.18,3.79,sandy,428,0,192.3
2012,Eastern,Wheat,628.6,25.8,31.3,0.26,1.36,sandy,570,0,469.9
2007,Rift Valley,Coffee,310.6,22.2,49.8,2.99,1.29,volcanic,1838,1,1317.6
2011,Coast,Coffee,934.6,27.5,77.1,3.07,1.89,sandy,454,0,222.2
2015,Nyanza,Wheat,1329.2,22.0,0.0,3.08,1.97,clay,1431,1,1515.2
2013,Nyanza,Tea,1065.6,19.5,62.1,0.0,1.17,clay,1728,0,6816.1
2011,Nyanza,Maize,1454.1,21.1,28.2,4.37,1.3,clay,1175,0,1472.6
2009,Nyanza,Beans,1366.6,22.6,21.0,2.9,6.58,loam,1698,0,646.7
2018,North Eastern,Sorghum,234.9,28.2,53.1,2.89,0.53,sandy,417,0,624.7
2006,North Eastern,Wheat,425.5,31.4,62.8,0.0,0.78,sandy,561,0,193.8
2023,Central,Wheat,1256.4,17.8,45.4,2.42,3.89,loam,2078,1,2690.8
2004,Eastern,Maize,562.5,23.0,33.4,2.62,1.39,clay,599,0,1144.3
2020,Western,Sorghum,1318.9,22.2,23.0,2.73,0.74,clay,1681,0,430.0
2023,Eastern,Sorghum,428.4,25.1,25.2,3.8,1.5,clay,1410,1,1467.3
2000,Nyanza,Tea,1478.2,25.6,51.5,2.59,2.11,clay,1723,0,3855.3
2021,Central,Sorghum,1323.2,19.4,37.2,1.82,1.35,loam,1762,1,524.4
2023,Western,Beans,1565.4,24.3,39.9,1.84,0.46,clay,1431,1,600.9
2022,Eastern,Maize,580.1,21.1,53.4,3.0,3.32,sandy,949,0,778.8
2001,Coast,Sorghum,819.9,29.2,40.1,3.38,1.59,loam,82,0,772.9
2010,Nyanza,Tea,1303.8,26.6,44.6,3.25,2.15,loam,1638,0,4250.2
2023,Rift Valley,Wheat,1016.8,18.1,11.8,2.91,0.47,loam,2384,1,3471.2
2016,Nyanza,Sorghum,1371.0,26.2,26.0,2.59,3.65,loam,1620,0,709.7
2018,Western,Maize,1922.4,23.3,37.2,0.66,1.17,loam,1358,0,1153.2
2009,Coast,Beans,1380.9,25.5,67.2,2.28,1.81,sandy,150,0,231.4
2019,North Eastern,Coffee,266.5,29.0,47.8,2.27,1.08,sandy,445,0,100.0
2006,Western,Tea,1010.4,24.6,41.1,3.15,0.76,loam,1549,0,5182.5
2017,North Eastern,Tea,255.4,32.3,66.2,4.59,0.91,sandy,349,0,197.0
2022,Eastern,Wheat,639.4,23.8,52.6,2.06,0.85,sandy,883,0,583.5
2004,Coast,Coffee,871.3,24.6,35.0,1.78,0.94,sandy,532,0,223.0
2004,Coast,Beans,1491.7,29.8,25.9,5.81,1.7,loam,535,0,257.3
2006,Rift Valley,Sorghum,1440.6,18.5,62.1,4.66,1.57,loam,2360,1,563.9
2009,North Eastern,Maize,221.5,35.7,41.0,3.65,0.88,sandy,313,0,214.7
2011,North Eastern,Beans,332.8,35.3,60.8,2.64,0.94,sandy,360,1,100.0
2009,Western,Tea,1510.4,20.7,54.9,2.23,0.86,loam,1595,0,8494.1
2013,Western,Maize,1726.4,25.0,85.4,1.89,1.9,loam,1689,1,2097.0
2001,Rift Valley,Coffee,878.3,18.8,57.5,3.41,1.81,volcanic,2530,1,1064.0
2002,Western,Tea,2037.0,24.1,25.2,0.5,1.03,loam,1464,0,5072.9
2001,North Eastern,Coffee,168.1,25.4,49.0,4.01,0.45,sandy,332,0,129.1
2012,North Eastern,Coffee,251.5,25.4,36.1,2.04,1.66,sandy,256,0,100.0
2021,Rift Valley,Sorghum,814.8,15.7,49.4,4.41,1.64,loam,2227,1,663.5
2016,Eastern,Coffee,568.1,22.1,59.6,1.85,0.53,sandy,1218,0,283.7
2020,Central,Tea,1063.7,18.9,59.9,4.56,0.74,volcanic,1734,1,15716.8
2009,Western,Coffee,1386.0,22.1,53.0,0.05,1.89,clay,1918,1,659.2
2020,Central,Beans,1462.1,19.3,14.9,4.43,1.08,loam,2921,1,1003.8
2014,Western,Maize,1742.7,20.4,51.4,3.99,3.17,loam,1988,1,2465.3
2020,Coast,Tea,628.1,29.2,62.0,3.57,6.87,sandy,427,0,563.8
2005,Rift Valley,Tea,632.3,17.2,23.0,1.41,0.96,loam,2491,1,10114.8
2000,Nyanza,Beans,999.0,25.7,71.0,2.98,3.17,loam,1666,0,775.2
2023,Coast,Maize,1615.6,24.6,27.5,2.44,1.22,loam,20,1,1247.8
2010,Rift Valley,Beans,909.8,16.3,53.7,2.11,1.0,volcanic,2779,1,1221.5
2001,North Eastern,Sorghum,222.7,30.3,35.2,2.09,3.47,sandy,322,0,620.2
2012,Eastern,Coffee,316.0,30.4,31.8,2.72,0.36,clay,1251,0,214.4
2004,Central,Coffee,1298.7,17.4,22.8,3.55,0.9,loam,1860,1,1156.7
2017,Nyanza,Sorghum,1725.3,23.4,44.0,2.49,0.94,loam,1283,0,350.4
2007,Eastern,Sorghum,260.1,23.0,0.3,1.19,0.47,clay,697,0,887.5
2016,Central,Wheat,1094.2,18.6,10.8,2.85,0.34,volcanic,2334,1,3312.7
2019,Nyanza,Tea,2060.6,22.3,42.2,1.88,1.35,loam,1460,0,5931.4
2015,Coast,Maize,1131.5,28.0,53.5,3.39,1.05,loam,309,0,906.7
2021,Nyanza,Tea,1355.8,24.9,45.0,3.1,7.73,clay,1683,0,3600.3
2002,North Eastern,Maize,270.9,30.7,64.7,0.95,2.05,clay,434,0,406.2
2022,Eastern,Maize,531.5,24.9,26.9,2.15,0.7,sandy,866,0,665.0
2018,North Eastern,Sorghum,264.1,30.6,46.7,3.34,1.59,sandy,253,0,493.1
2011,Eastern,Coffee,415.9,22.8,36.5,0.0,4.35,clay,1250,0,327.1
2000,Central,Maize,1276.3,19.7,27.4,3.36,1.25,volcanic,1867,1,2067.5
2012,Rift Valley,Wheat,1062.9,18.4,41.0,3.11,0.39,volcanic,2060,1,4466.7
2018,Western,Coffee,1587.6,23.3,17.5,3.07,1.52,clay,1302,0,533.1
2017,Coast,Coffee,947.5,26.5,50.7,1.15,1.38,loam,158,0,336.1
2006,Western,Maize,1516.9,20.8,30.8,0.54,2.97,loam,1748,1,2186.3
2011,Central,Sorghum,1209.3,16.0,23.3,2.15,2.19,loam,2149,1,438.4
2014,Central,Sorghum,1498.9,14.3,28.2,3.86,2.12,volcanic,1959,1,274.9
2021,Nyanza,Maize,1487.5,23.4,49.8,2.58,1.35,clay,1793,0,1527.0
2015,Coast,Tea,1157.0,26.4,33.8,2.79,1.64,loam,504,1,1648.8
2008,Central,Tea,987.5,17.9,21.6,4.82,0.78,volcanic,2893,1,13625.3
2010,Central,Maize,1258.2,13.0,17.6,3.89,1.23,loam,2811,1,1005.3
2017,Nyanza,Wheat,1790.0,24.9,4.1,4.12,0.37,loam,1468,0,876.1
2002,Rift Valley,Coffee,728.4,17.9,51.3,2.34,1.28,loam,2434,1,1290.7
2015,Eastern,Sorghum,485.7,25.2,52.0,3.94,4.78,sandy,724,0,951.1
2001,Rift Valley,Beans,1103.1,19.4,41.0,3.67,1.04,loam,2165,1,1405.5
2003,North Eastern,Wheat,241.7,29.4,17.9,0.71,2.38,clay,292,0,294.9
2004,Central,Wheat,1136.3,15.9,38.3,1.63,1.9,volcanic,1508,1,3530.7
2016,Eastern,Beans,616.3,21.4,0.0,3.02,1.21,sandy,1404,0,288.3
2015,Central,Beans,1441.7,17.5,52.2,1.15,0.17,volcanic,2816,1,1029.8
2018,Rift Valley,Beans,933.3,21.1,16.1,0.98,0.35,loam,2511,1,897.7
2023,Western,Sorghum,1895.0,24.3,12.2,3.65,1.3,loam,1297,0,241.5
2003,North Eastern,Beans,288.3,36.1,45.5,2.47,1.69,sandy,386,1,117.7
2000,Central,Coffee,926.1,20.5,24.5,2.16,1.7,volcanic,2506,1,1368.3
2003,Western,Coffee,1721.8,23.5,42.9,3.0,1.43,clay,1724,0,615.6
2014,Rift Valley,Beans,1024.4,15.9,25.5,2.13,1.28,volcanic,2451,1,1095.9
2011,Eastern,Tea,529.2,22.7,33.9,4.07,1.07,clay,1481,0,1636.6
2005,Central,Beans,1417.2,17.2,46.2,1.91,1.63,loam,2917,1,908.7
2004,Rift Valley,Sorghum,1093.1,20.4,0.0,4.48,1.44,volcanic,1878,1,952.7
2008,Western,Tea,2109.3,22.3,50.2,2.8,1.96,clay,1646,0,5300.7
2000,Coast,Coffee,771.5,27.4,71.5,2.43,0.81,loam,193,1,417.2
2013,Coast,Sorghum,1012.4,29.1,66.9,1.56,1.08,sandy,310,0,389.8
2017,Coast,Coffee,757.5,27.0,58.3,2.99,0.93,sandy,332,0,208.8
2018,Nyanza,Coffee,1335.3,23.5,45.5,0.69,5.7,clay,1220,0,527.6
2001,Nyanza,Maize,1516.6,28.0,39.9,3.76,1.43,loam,1604,1,1634.9
2021,Eastern,Coffee,635.9,26.0,37.6,0.76,0.84,sandy,558,0,234.0
2002,Western,Coffee,1558.4,20.1,83.5,0.0,0.8,loam,1352,0,838.8
2023,Coast,Sorghum,561.8,30.4,53.5,0.0,9.0,sandy,215,0,352.0
2007,Nyanza,Sorghum,1680.4,23.7,17.7,2.44,2.66,loam,1323,0,309.2
2012,Eastern,Beans,501.5,28.0,59.5,3.05,0.47,sandy,1003,0,255.9
2019,Nyanza,Beans,1712.1,19.1,32.6,2.82,0.71,clay,1776,0,608.5
2015,Nyanza,Tea,1712.5,24.2,37.4,3.37,0.82,loam,1587,1,6513.8
2005,Central,Wheat,1584.1,14.6,41.4,0.56,0.83,volcanic,2632,1,2278.9
2014,Nyanza,Wheat,1627.7,23.6,42.1,2.41,0.8,loam,1570,0,1121.9
2014,Western,Beans,1431.8,23.3,57.9,3.46,0.66,clay,1713,0,576.0
2006,North Eastern,Sorghum,309.4,35.5,35.5,1.98,1.33,sandy,220,1,425.1
2001,Nyanza,Maize,1392.4,22.6,41.2,1.59,1.06,loam,1433,0,1393.4
2008,Eastern,Tea,225.8,22.7,60.1,1.86,0.81,clay,714,1,2886.7
2016,Nyanza,Coffee,1718.2,24.8,19.6,0.87,0.83,clay,1279,1,622.6
2006,Coast,Coffee,1178.0,28.5,36.1,4.42,0.51,sandy,317,1,208.1
2022,Central,Sorghum,1313.7,19.2,46.7,0.0,0.95,volcanic,1508,1,632.0
2008,Nyanza,Maize,1315.4,21.7,70.9,0.37,1.46,clay,1352,0,1551.0
2007,Coast,Wheat,637.9,25.8,73.5,1.08,0.6,sandy,329,0,539.8
2004,Nyanza,Coffee,1093.6,24.4,44.9,1.65,0.55,loam,1245,1,944.6
2017,Nyanza,Tea,1362.4,23.7,41.7,0.0,1.15,clay,1268,0,3328.0
2021,Western,Sorghum,1928.9,22.4,36.8,6.25,0.64,loam,1668,0,272.8
2006,Nyanza,Wheat,1480.5,23.5,23.4,3.53,0.86,loam,1483,0,1239.8
2006,Western,Maize,1324.4,23.4,48.2,2.04,0.75,loam,1970,0,1629.5
2002,Coast,Sorghum,1601.3,27.8,34.0,1.46,1.29,sandy,201,1,193.5
2023,Nyanza,Tea,2145.6,23.3,47.2,0.67,0.37,loam,1199,0,4209.6
2016,Rift Valley,Maize,683.7,19.7,50.3,0.63,1.03,loam,2449,1,2034.3
2015,Western,Sorghum,1880.5,26.6,43.9,1.14,0.46,clay,1795,1,272.6
2012,Nyanza,Tea,1012.7,22.2,40.3,3.35,0.89,clay,1760,0,5292.7
2011,Western,Sorghum,1774.7,22.8,49.8,1.71,0.3,clay,1494,1,303.6
2002,Coast,Tea,863.6,27.6,38.2,2.38,1.4,sandy,369,0,583.7
2012,Central,Coffee,1260.4,16.0,16.9,1.18,2.3,volcanic,2052,1,1306.4
2015,Central,Wheat,934.3,17.3,67.5,2.08,0.59,volcanic,1578,1,4278.4
2015,Central,Beans,1233.4,18.5,67.3,2.97,0.72,volcanic,1875,1,1406.1
2021,North Eastern,Wheat,413.1,30.9,51.7,4.62,1.85,clay,577,1,377.4
2004,Coast,Beans,892.5,24.2,102.8,2.28,2.79,sandy,150,0,275.6
2005,Rift Valley,Wheat,1072.5,15.6,56.4,3.73,2.63,loam,2533,1,3971.3
2003,Western,Wheat,1662.7,23.6,34.7,1.34,0.89,loam,1955,0,1008.5
2011,Nyanza,Tea,1203.0,20.3,27.0,2.0,0.26,loam,1747,0,5667.7
2001,Central,Wheat,1248.6,12.8,51.1,1.68,5.19,volcanic,2178,1,2689.0
2020,Central,Tea,1375.1,15.3,60.0,1.9,3.15,loam,2356,1,10500.0
2008,Eastern,Wheat,454.4,27.6,68.4,1.64,0.75,sandy,1497,1,646.2
2002,Central,Sorghum,931.8,20.1,63.9,3.15,1.31,volcanic,2753,1,971.4
2021,Coast,Maize,792.1,30.1,56.9,2.97,0.84,sandy,242,1,570.5
2014,Rift Valley,Tea,984.0,20.2,81.1,0.8,1.88,volcanic,2428,1,11070.8
2007,Coast,Tea,955.0,25.5,49.7,0.0,0.32,loam,243,0,1457.2
2014,Rift Valley,Wheat,1006.7,20.7,64.4,4.09,2.49,loam,2143,1,3478.0
2020,Central,Coffee,1354.6,18.6,46.7,3.35,1.16,volcanic,1558,1,1603.4
2009,Central,Sorghum,1208.7,20.4,27.5,2.79,0.8,loam,2529,1,532.1
2005,North Eastern,Maize,176.0,32.5,56.2,0.78,2.39,clay,578,1,491.3
2016,Coast,Wheat,1077.9,26.2,52.8,0.01,1.29,loam,173,0,601.4
2004,Coast,Tea,584.2,28.0,0.0,4.35,3.17,sandy,556,0,524.3
2012,Central,Wheat,1403.4,18.3,51.1,1.28,0.79,loam,2450,1,3008.8
2006,Nyanza,Sorghum,1650.2,23.9,38.6,0.01,1.82,loam,1364,0,402.6
2009,Coast,Wheat,1248.1,27.8,4.8,2.12,0.68,loam,456,1,634.3
2013,Rift Valley,Beans,782.0,19.7,23.8,0.96,0.32,volcanic,2349,1,1401.9
2008,Rift Valley,Tea,1022.0,19.9,47.6,2.23,4.86,loam,2281,1,10424.4
2019,Rift Valley,Beans,688.4,19.5,28.4,2.94,1.29,loam,1630,1,1138.5
2017,Western,Coffee,1390.4,19.4,32.3,3.63,4.85,clay,1678,0,679.3
2008,North Eastern,Wheat,151.1,27.2,37.0,1.17,0.76,clay,351,1,421.7
2016,Central,Sorghum,1322.1,16.9,32.6,1.89,0.88,volcanic,2871,1,524.6
2016,Coast,Sorghum,803.8,28.1,39.1,0.13,0.7,loam,423,1,799.1
2005,Nyanza,Wheat,1442.5,24.0,63.4,0.02,2.03,loam,1396,0,1258.5
2007,Western,Beans,1386.1,19.6,43.7,0.0,1.87,clay,1881,0,608.4
2020,Rift Valley,Wheat,863.9,25.4,46.0,1.37,1.0,loam,2450,1,2472.1
2005,Coast,Maize,750.3,28.2,36.4,3.67,0.45,loam,392,0,862.8
2006,Western,Beans,1549.9,23.4,0.0,2.66,2.47,loam,1250,0,498.3
2021,Central,Tea,791.1,15.8,61.1,3.68,2.56,loam,2082,1,11360.3
2021,Rift Valley,Coffee,933.1,16.2,30.3,3.76,0.65,loam,2757,1,718.4
2003,Central,Tea,1189.6,17.6,33.1,2.84,0.89,volcanic,1624,1,16168.6
2002,Western,Sorghum,1515.5,22.0,34.5,1.81,0.83,clay,1795,0,352.7
2014,Eastern,Coffee,618.9,20.7,58.8,1.49,1.21,sandy,884,0,374.6
2020,Eastern,Maize,529.7,26.4,63.5,1.71,5.32,clay,1015,0,938.4
2008,Western,Maize,1456.3,21.3,33.7,1.29,2.01,clay,1920,0,1513.8
2011,Western,Tea,1530.0,22.2,25.0,0.59,1.31,clay,1696,0,5337.6
2010,Eastern,Wheat,530.9,28.5,11.0,2.48,0.56,clay,666,0,544.1
2014,Nyanza,Coffee,1351.1,21.5,26.5,2.28,0.78,loam,1480,0,735.6
2015,North Eastern,Wheat,265.5,27.2,2.1,2.26,1.7,clay,225,0,349.8
2008,Western,Wheat,1433.0,20.9,39.7,2.09,0.48,loam,1329,0,1397.9
2016,Central,Coffee,1492.5,16.4,61.5,4.64,3.68,loam,2170,1,1300.5
2019,Eastern,Coffee,634.4,23.6,55.6,0.74,1.05,sandy,505,0,308.7
2016,Central,Beans,1192.7,18.3,61.8,1.38,0.34,volcanic,2935,1,1288.5
2019,North Eastern,Tea,254.8,27.2,44.9,1.3,3.81,clay,516,0,281.7
2002,Coast,Tea,871.0,31.4,14.7,1.02,0.83,loam,39,0,771.8
2019,Coast,Beans,941.5,30.3,51.9,0.0,2.14,loam,281,0,276.1
2019,Eastern,Coffee,486.4,22.5,29.2,3.2,1.43,sandy,1017,0,264.8
2015,North Eastern,Tea,121.7,32.2,18.5,2.86,5.77,clay,168,0,200.8
2020,North Eastern,Wheat,233.8,26.0,27.9,2.83,2.16,clay,477,0,398.8
2021,Western,Coffee,1591.0,25.1,0.0,3.73,1.43,loam,1823,0,504.9
2016,North Eastern,Coffee,207.3,35.1,56.8,2.53,3.48,clay,249,1,100.0
2000,Central,Maize,1207.6,17.2,52.3,0.97,1.13,volcanic,2953,1,1550.2
2013,Coast,Maize,993.6,26.5,0.0,3.83,2.26,sandy,470,0,477.1
2010,Nyanza,Coffee,1142.5,22.0,31.1,1.23,0.4,clay,1192,0,666.4
2007,Western,Coffee,1572.3,21.2,38.9,3.01,2.52,loam,1963,0,800.1
2023,Eastern,Maize,320.3,27.5,35.9,4.18,0.93,sandy,1441,1,652.3
2013,Central,Coffee,1353.2,19.5,38.0,2.19,0.73,volcanic,1764,1,1382.8
2007,Rift Valley,Beans,1048.7,18.6,40.6,4.91,1.33,volcanic,2393,1,1489.9
2010,Coast,Wheat,1086.4,27.5,34.3,0.94,1.43,sandy,315,0,309.0
2023,Nyanza,Maize,1273.9,22.4,13.1,1.12,0.67,clay,1423,1,1399.1
2010,Nyanza,Maize,859.7,21.9,24.2,1.57,1.2,loam,1627,0,1682.5
2007,North Eastern,Tea,356.0,29.8,77.1,2.84,1.06,sandy,404,1,216.1
2019,Central,Maize,1226.0,14.0,28.9,3.28,1.84,loam,2220,1,1305.5
2009,Coast,Sorghum,1259.7,30.2,23.2,1.23,3.39,sandy,101,0,267.6
2021,North Eastern,Beans,334.3,29.6,29.6,1.99,1.82,sandy,173,1,136.4
2005,Eastern,Coffee,544.8,24.7,71.0,1.0,2.69,sandy,721,0,267.8
2008,Nyanza,Maize,1297.2,22.3,11.8,1.33,0.62,loam,1435,0,1849.6
2018,Eastern,Wheat,370.5,26.7,57.9,5.24,1.01,clay,933,0,866.4
2010,Nyanza,Wheat,1684.9,20.0,0.0,3.9,0.52,clay,1710,1,1201.5
2015,Eastern,Maize,240.5,23.0,58.8,2.79,5.28,sandy,1012,1,1042.0
2013,Rift Valley,Wheat,918.5,18.2,0.0,0.33,2.32,loam,2489,1,3314.0
2018,Coast,Beans,1028.9,29.1,17.4,4.4,3.68,sandy,204,0,159.2
2015,Central,Coffee,986.3,17.7,32.3,1.36,8.25,volcanic,1959,1,1340.4
2005,Central,Tea,845.4,19.5,21.9,1.52,0.89,loam,2157,1,11017.5
2011,Rift Valley,Beans,1199.1,18.4,0.6,2.93,0.49,loam,2229,1,939.7
2002,North Eastern,Sorghum,358.2,30.5,39.0,2.12,1.17,sandy,445,0,585.0
2009,Western,Maize,1111.4,21.4,57.6,3.31,2.08,loam,1603,0,1995.2
2001,Nyanza,Wheat,1044.5,26.2,61.4,2.49,1.54,loam,1742,0,1342.6
2017,Eastern,Coffee,589.9,22.2,23.5,3.64,1.15,clay,1051,0,401.2
2000,Nyanza,Coffee,1166.3,23.4,30.8,2.78,3.88,loam,1402,0,771.8
2015,Western,Beans,1610.3,24.1,46.7,4.72,0.67,loam,1379,0,658.7
2005,Coast,Wheat,1294.5,27.4,0.0,5.94,0.51,sandy,80,0,273.1
2022,North Eastern,Beans,380.2,29.7,63.5,4.2,1.82,sandy,253,1,175.1
2007,Western,Wheat,1277.9,22.6,42.9,1.58,1.49,clay,1860,1,1654.3
2002,Rift Valley,Maize,935.9,21.7,47.2,1.75,0.69,loam,2623,1,2481.4
2014,Rift Valley,Coffee,809.8,20.1,64.0,1.81,1.01,volcanic,2397,1,1693.0
2004,Eastern,Sorghum,425.6,25.8,32.4,2.19,3.28,clay,750,1,1600.9
2015,Western,Maize,1881.1,24.4,31.7,1.08,1.3,clay,1915,0,902.1
2001,Nyanza,Beans,982.9,23.3,18.1,0.28,0.8,clay,1251,0,590.5
2017,Coast,Coffee,727.6,25.2,69.3,2.16,1.42,loam,225,0,348.4
2021,Rift Valley,Beans,1089.9,15.6,53.6,2.49,2.45,loam,1844,1,1025.9
2013,Coast,Coffee,1104.9,26.0,38.1,0.0,1.28,sandy,109,0,166.0
2015,North Eastern,Coffee,355.8,32.0,27.6,1.31,0.32,clay,507,0,100.0
2003,Nyanza,Beans,1219.5,26.7,39.7,0.91,2.4,clay,1489,1,495.2
2005,Central,Coffee,1281.8,16.1,11.4,1.14,1.85,loam,2151,1,1022.2
2008,Central,Tea,1439.1,14.0,50.1,3.44,0.57,loam,1874,1,9751.7
2021,North Eastern,Tea,107.8,32.6,8.8,4.76,1.07,sandy,219,0,149.7
2013,Nyanza,Coffee,1267.0,21.2,36.5,5.07,0.52,clay,1165,0,607.0
2015,North Eastern,Tea,352.5,30.2,81.2,0.34,0.94,clay,244,0,263.7
2011,Central,Beans,1327.7,19.1,47.4,2.72,0.73,volcanic,2399,1,1212.2
2013,Western,Coffee,1660.2,27.2,51.3,0.0,2.29,loam,1494,0,518.5
2016,Eastern,Tea,350.4,17.5,26.0,2.74,1.45,sandy,1129,1,2017.8
2003,Coast,Maize,1068.5,27.8,28.7,1.08,2.98,loam,146,0,843.3
2004,Nyanza,Maize,1735.0,23.5,50.0,1.99,1.55,loam,1566,0,1665.7
2016,Coast,Coffee,821.6,27.2,13.8,2.86,1.69,sandy,429,0,182.0
2022,Rift Valley,Sorghum,933.2,16.7,46.5,0.95,0.74,volcanic,1990,1,761.2
2012,Coast,Coffee,755.9,26.5,46.4,0.53,2.71,sandy,474,0,172.9
2019,Central,Beans,1268.3,16.5,15.7,0.82,2.22,loam,2920,1,765.5
2001,Rift Valley,Tea,1223.2,17.1,44.3,2.48,1.2,volcanic,2250,1,15822.7
2023,Eastern,Sorghum,514.6,27.1,46.2,4.92,3.12,clay,1373,0,1111.1
2015,North Eastern,Wheat,255.1,29.5,8.3,3.03,2.12,sandy,173,0,190.5
2008,Western,Maize,1678.2,23.1,68.0,4.29,0.92,loam,1917,0,1876.9
2006,Eastern,Coffee,575.3,28.0,19.9,4.21,3.39,clay,1119,0,280.4
2010,Rift Valley,Maize,962.2,15.2,80.3,4.44,1.02,volcanic,2268,1,2234.4
2006,Nyanza,Beans,753.9,23.4,47.0,2.7,0.17,clay,1716,0,576.5
2011,Central,Beans,1484.7,16.7,12.3,1.71,1.19,loam,1527,1,785.6
2020,Nyanza,Wheat,1629.2,22.9,13.6,0.0,0.61,loam,1246,0,1179.9
2000,Western,Wheat,1280.7,23.8,38.5,1.89,0.57,clay,1422,0,788.7
2011,Western,Maize,1593.4,22.6,23.8,3.14,0.97,loam,1950,0,1600.7
2009,Central,Sorghum,1097.2,18.8,65.1,4.28,0.76,volcanic,1746,1,773.9
2000,Rift Valley,Tea,936.6,17.0,42.1,2.73,0.47,volcanic,1892,1,15210.5
2011,Nyanza,Sorghum,1190.7,19.8,17.7,2.61,0.85,loam,1614,0,657.5
2022,North Eastern,Sorghum,311.1,29.7,29.7,2.87,1.29,sandy,594,0,603.2
2014,Coast,Sorghum,1115.0,26.0,66.6,0.0,0.77,loam,426,0,847.0
2009,Nyanza,Wheat,1057.1,24.6,38.7,2.61,1.42,loam,1422,0,1388.1
2006,Rift Valley,Coffee,1385.3,19.9,12.4,1.65,2.76,volcanic,1592,1,1517.0
2019,Central,Beans,1180.8,17.5,50.7,0.63,3.68,loam,2892,1,782.5
2018,Rift Valley,Sorghum,1091.7,19.1,44.6,4.11,1.58,volcanic,2253,1,1060.4
2009,Coast,Maize,455.1,24.6,54.7,1.64,1.83,loam,40,0,1163.0
2003,Coast,Wheat,1181.1,29.3,6.8,4.82,1.93,sandy,386,0,299.9
2003,North Eastern,Wheat,118.5,30.4,55.9,2.32,0.98,sandy,181,0,199.3
2005,Central,Coffee,1487.2,17.6,28.8,2.12,4.27,volcanic,1696,1,1299.5
2013,North Eastern,Coffee,356.2,29.1,49.2,2.29,1.62,clay,584,0,116.7
2011,Eastern,Wheat,488.3,23.9,26.8,4.06,1.72,sandy,579,0,635.5
2010,Nyanza,Tea,1435.9,21.1,63.9,2.26,1.32,clay,1278,0,4795.2
2018,Central,Wheat,1049.4,16.4,44.2,1.9,0.65,volcanic,2313,1,3338.6
2019,Eastern,Beans,503.6,25.2,39.3,1.22,3.33,sandy,1425,0,268.9
2011,Coast,Coffee,1283.0,28.9,27.9,4.5,0.52,sandy,245,0,161.7
2006,Coast,Tea,1200.8,27.8,1.7,1.05,2.53,loam,48,0,672.1
2003,Eastern,Maize,293.0,28.1,37.7,4.36,0.44,sandy,1467,0,528.7
2014,North Eastern,Wheat,431.6,29.2,12.6,2.04,2.81,clay,600,0,252.7
2015,Western,Coffee,1418.8,23.4,12.4,3.44,4.7,loam,1659,0,662.7
2000,Nyanza,Sorghum,1478.0,24.6,15.3,0.52,1.95,loam,1612,0,574.6
2022,North Eastern,Sorghum,364.2,30.3,35.5,3.1,6.7,sandy,255,1,559.8
2019,Coast,Maize,963.0,27.0,61.1,1.72,1.31,sandy,141,0,593.4
2015,Eastern,Beans,458.1,22.8,45.7,3.0,2.14,clay,951,0,595.0
2014,Central,Coffee,868.7,16.0,25.3,3.58,0.65,loam,1842,1,1102.6
2011,Central,Maize,1238.2,16.9,42.9,1.72,11.63,volcanic,1936,1,2004.4
2023,Eastern,Tea,550.4,24.5,18.6,1.71,1.35,clay,1278,1,1677.7
2015,Coast,Sorghum,970.4,29.7,35.5,5.0,0.84,sandy,506,0,357.3
2023,Central,Coffee,1254.1,16.9,35.2,1.14,0.9,volcanic,2760,1,1299.0
2005,Central,Sorghum,1185.4,15.4,60.3,1.89,0.48,loam,1950,1,377.3
2004,Nyanza,Beans,1050.0,19.0,39.9,1.3,8.48,loam,1590,0,822.0
2006,Eastern,Tea,615.7,25.6,31.0,5.63,0.55,clay,883,1,2313.6
2002,Eastern,Coffee,817.7,23.5,13.4,1.75,2.29,clay,1198,0,378.2
2022,North Eastern,Sorghum,345.8,30.1,18.5,3.19,0.82,clay,316,0,869.9
2005,Central,Sorghum,896.6,18.5,31.7,0.8,0.99,loam,1675,1,705.6
2002,Coast,Beans,843.4,26.5,9.9,3.99,1.19,sandy,555,0,188.2
2021,Central,Coffee,1364.9,18.2,51.4,4.58,0.62,volcanic,1575,1,1503.2
2000,North Eastern,Sorghum,288.2,28.6,4.4,0.0,1.58,sandy,264,0,461.0
2008,North Eastern,Tea,246.3,31.3,49.1,4.53,3.12,sandy,338,0,187.4
2012,North Eastern,Beans,173.5,32.8,39.5,4.32,1.83,clay,184,0,135.0
2014,North Eastern,Beans,293.3,36.0,0.0,1.28,1.02,sandy,499,0,100.0
2023,Central,Sorghum,1383.1,19.4,20.2,1.76,0.93,loam,2286,1,532.0
2013,Central,Tea,1136.0,17.3,23.3,5.63,0.44,volcanic,1827,1,15203.0
2006,Eastern,Sorghum,678.5,29.0,23.9,4.12,0.3,clay,838,0,842.3
2011,North Eastern,Wheat,434.3,29.7,37.1,1.05,1.37,clay,511,0,322.0
2016,North Eastern,Coffee,431.7,25.9,17.8,5.07,1.39,clay,405,0,145.2
2001,Eastern,Coffee,526.2,21.2,41.8,0.15,1.49,clay,768,1,567.2
2010,North Eastern,Sorghum,357.1,29.1,5.4,5.43,1.29,sandy,207,0,533.2
2012,Rift Valley,Wheat,997.4,22.4,59.9,2.38,2.17,loam,2178,1,3200.9
2002,Nyanza,Wheat,1313.6,23.9,37.7,2.42,1.04,loam,1214,1,1943.6
2001,Central,Wheat,1384.9,18.1,30.1,2.57,0.91,loam,2701,1,2977.5
2010,Eastern,Tea,516.0,25.9,30.9,5.08,0.55,clay,1242,0,1685.4
2022,Nyanza,Sorghum,893.2,22.1,0.5,3.63,0.32,loam,1776,0,828.0
2015,Eastern,Sorghum,218.2,28.6,11.5,2.1,1.0,clay,1009,1,1086.6
2015,Coast,Beans,873.7,28.2,39.3,1.24,4.38,sandy,307,0,160.1
2003,Nyanza,Wheat,1264.7,23.6,24.5,2.41,0.47,clay,1733,0,1162.9
2010,Coast,Tea,790.1,28.4,37.8,2.17,2.07,sandy,118,0,619.2
2000,North Eastern,Tea,372.7,27.5,59.3,3.12,2.4,clay,400,1,499.0
2015,Nyanza,Maize,2065.6,22.7,45.9,0.23,3.8,loam,1760,0,1086.1
2014,Western,Wheat,1810.5,21.3,0.0,1.94,0.65,loam,1468,0,725.5
2004,North Eastern,Wheat,117.1,30.1,35.0,0.0,1.79,sandy,325,0,182.3
2014,Coast,Beans,996.3,26.2,41.5,1.48,2.67,loam,74,1,484.2
2023,Western,Tea,1895.5,23.0,35.9,1.71,2.79,loam,1982,0,4751.0
2003,Rift Valley,Beans,1222.4,20.8,34.6,1.16,0.3,loam,1799,1,964.9
2017,Nyanza,Coffee,1340.9,22.1,40.9,0.0,1.91,clay,1400,1,749.6
2016,North Eastern,Sorghum,497.2,34.5,34.8,2.51,1.67,clay,217,1,661.6
2018,Coast,Maize,701.5,27.6,0.0,2.77,3.67,loam,76,1,822.0
2003,Central,Tea,1176.9,16.4,10.4,1.42,0.98,loam,1661,1,11412.6
2002,Central,Maize,1306.6,15.4,35.7,4.81,2.71,loam,1866,1,1581.7
2018,Coast,Beans,1188.3,27.4,36.8,2.22,0.75,sandy,198,0,192.6
2001,Eastern,Beans,371.4,26.0,21.4,0.8,1.06,clay,1399,0,320.8
2017,Eastern,Sorghum,510.3,18.0,52.7,0.64,1.41,sandy,768,0,540.3
2021,Coast,Tea,516.9,29.5,18.4,1.99,3.77,sandy,66,0,396.6
2014,Central,Beans,1517.2,14.5,82.7,0.0,1.21,loam,2366,1,828.0
2003,Nyanza,Tea,1922.4,28.7,34.4,3.03,1.45,clay,1353,0,2448.9
2009,Rift Valley,Beans,1064.6,19.1,14.2,0.56,1.07,loam,2358,1,1104.8
2010,Nyanza,Wheat,1711.7,22.8,53.4,0.89,0.45,clay,1454,0,994.7
2012,Eastern,Coffee,275.5,25.8,60.7,1.13,1.14,sandy,887,0,237.6
2013,Rift Valley,Beans,855.7,18.4,46.1,3.72,2.47,loam,2022,1,1126.0
2019,Eastern,Beans,578.8,23.1,42.7,2.27,2.22,sandy,1163,1,444.9
2022,Rift Valley,Coffee,897.7,21.1,61.9,1.29,0.93,loam,1734,1,1007.1
2000,Eastern,Coffee,776.2,25.5,52.1,0.88,2.26,sandy,1307,1,314.4
2020,Eastern,Maize,743.4,26.0,30.4,4.94,0.37,sandy,581,0,607.8
2018,Eastern,Sorghum,450.2,26.2,14.6,3.5,2.16,clay,1190,0,1074.8
2020,Eastern,Coffee,458.7,21.0,45.1,0.0,1.1,sandy,995,0,286.5
2010,Western,Maize,1059.3,23.8,54.1,2.88,0.4,clay,1816,0,1417.8
2015,Eastern,Tea,587.7,24.5,9.7,1.98,4.19,sandy,841,1,1103.1
2013,Eastern,Sorghum,623.3,31.2,60.1,4.4,1.18,sandy,1326,1,780.9
2002,Central,Tea,1393.1,19.5,41.8,2.8,0.88,volcanic,2149,1,13003.8
2022,Central,Maize,1294.7,16.5,56.9,0.0,1.26,volcanic,1921,1,1520.9
2014,Central,Coffee,1602.7,17.3,32.7,2.78,0.53,volcanic,1665,1,1189.1
2019,Rift Valley,Beans,825.6,17.5,46.4,4.98,1.49,volcanic,1767,1,1526.0
2005,Rift Valley,Sorghum,1018.4,21.5,77.3,2.69,2.91,loam,1878,1,1087.0
2011,Eastern,Tea,526.1,27.0,36.4,6.02,1.48,clay,569,1,1966.4
2012,Nyanza,Sorghum,1533.8,19.6,25.6,3.12,1.8,clay,1121,0,385.1
2005,Western,Wheat,1506.9,22.9,43.7,3.14,1.58,clay,1661,0,1203.6
2005,North Eastern,Coffee,344.4,29.9,28.3,3.0,1.93,sandy,199,0,100.0
2009,Western,Wheat,1898.7,23.8,12.5,3.03,0.34,clay,1957,0,608.6
2015,Central,Wheat,1325.4,16.9,20.2,5.86,1.88,loam,1544,1,2937.3
2003,Nyanza,Tea,1002.4,25.7,63.7,3.85,0.83,loam,1406,0,5074.9
2004,North Eastern,Coffee,251.8,36.4,38.1,4.24,1.02,clay,238,0,100.0
2023,Central,Maize,1356.8,15.2,24.7,1.81,0.28,volcanic,1868,1,1409.0
2000,Eastern,Sorghum,614.7,20.5,37.5,2.38,3.37,sandy,579,0,601.9
2003,Western,Coffee,1729.8,25.1,37.8,3.1,2.19,loam,1470,1,757.9
2004,Coast,Beans,1110.2,27.9,70.2,0.0,1.93,sandy,330,0,220.4
2014,North Eastern,Maize,373.4,30.8,46.8,1.88,0.96,clay,472,0,392.1
2001,Nyanza,Maize,776.7,22.4,72.9,3.04,0.74,loam,1685,0,2264.9
2009,North Eastern,Maize,300.2,31.8,60.7,2.09,1.53,sandy,527,0,238.7
2021,Eastern,Maize,497.2,21.0,47.0,2.8,5.91,sandy,890,0,695.7
2013,Western,Sorghum,1700.9,22.0,21.9,2.99,0.59,clay,1895,0,220.8
2018,Nyanza,Tea,1203.9,24.8,64.5,0.0,2.98,clay,1338,1,5442.1
2007,North Eastern,Maize,291.3,25.4,37.3,1.21,2.19,clay,325,0,717.2
2012,North Eastern,Beans,179.2,28.2,32.5,2.02,3.31,sandy,539,0,130.9
2021,Rift Valley,Coffee,702.9,17.5,19.8,2.63,0.63,volcanic,2035,1,1033.2
2016,Coast,Tea,1830.5,27.5,1.5,4.74,2.07,sandy,217,0,542.9
2008,Coast,Wheat,1027.8,30.5,42.5,0.31,4.23,sandy,415,0,272.3
2023,Nyanza,Wheat,1398.7,26.4,20.2,2.4,0.45,clay,1766,1,996.0
2004,Rift Valley,Beans,916.9,16.9,59.1,5.99,1.33,volcanic,2039,1,1577.7
2020,Nyanza,Coffee,1322.9,23.6,21.3,1.0,2.19,clay,1138,0,479.5
2012,North Eastern,Tea,286.3,27.1,42.1,2.28,4.35,clay,331,1,401.7
2018,Eastern,Sorghum,389.5,29.2,22.1,2.83,2.35,clay,685,0,825.6
2017,Nyanza,Tea,1227.9,21.9,39.3,1.68,0.82,clay,1503,0,4387.5
2007,North Eastern,Maize,449.8,33.1,9.6,1.77,3.28,sandy,247,0,182.6
2013,Central,Maize,1015.4,14.3,20.5,4.08,0.69,loam,2801,1,1561.1
2001,Coast,Coffee,944.4,27.7,40.9,2.28,2.65,loam,451,1,484.3
2002,Coast,Tea,1426.1,29.2,25.9,3.58,1.29,loam,479,0,963.0
2018,Eastern,Wheat,673.8,26.4,66.1,2.53,2.18,sandy,1134,1,665.3
2017,Eastern,Beans,517.6,21.4,57.6,3.58,0.71,clay,1111,0,653.1
2001,Central,Wheat,1224.1,18.0,54.2,0.81,0.46,loam,2246,1,3684.2
2021,Central,Coffee,1043.8,16.0,0.0,1.41,0.91,loam,2595,1,817.7
2011,Coast,Sorghum,772.4,29.2,62.5,2.35,5.48,sandy,108,0,435.8
2020,Eastern,Wheat,507.1,24.5,31.4,6.16,0.75,clay,941,0,1008.4
2017,North Eastern,Wheat,356.9,25.0,28.4,1.22,0.38,sandy,150,0,258.8
2002,Western,Tea,1615.2,25.9,41.6,4.27,1.0,loam,1361,0,5118.0
2018,Nyanza,Tea,1674.9,23.7,60.0,0.0,5.82,loam,1202,0,4698.5
2011,Eastern,Beans,894.8,22.9,31.1,4.68,4.08,clay,777,0,474.1
2007,Rift Valley,Beans,617.8,20.6,44.8,3.6,0.36,volcanic,1822,1,1559.1
2005,Nyanza,Beans,1392.7,25.4,18.1,0.0,1.64,loam,1799,0,520.4
2008,Eastern,Coffee,590.7,20.2,18.4,4.08,1.31,sandy,1029,0,340.1
2012,Eastern,Maize,530.8,21.1,7.9,2.81,0.79,sandy,760,1,695.6
2012,Coast,Sorghum,1554.4,30.4,36.0,1.89,2.78,sandy,79,0,205.6
2007,Coast,Coffee,740.5,30.6,16.3,3.75,2.4,sandy,523,0,115.4
2015,Central,Coffee,1282.1,16.5,67.9,3.76,2.49,loam,2828,1,1154.8
2007,North Eastern,Coffee,315.3,27.8,44.6,0.0,2.06,clay,597,0,125.3
2018,Rift Valley,Coffee,858.6,16.9,56.4,1.24,1.99,loam,1660,1,989.9
2013,Western,Tea,1724.9,23.8,45.8,3.04,3.1,clay,1579,0,4506.1
2003,Coast,Tea,1011.3,30.2,38.6,0.0,1.21,sandy,499,0,564.7
2006,North Eastern,Tea,265.4,35.0,58.6,1.55,1.75,clay,179,0,266.7
2010,Rift Valley,Wheat,941.7,14.9,35.1,1.48,0.67,loam,2514,1,2827.6
2021,Nyanza,Tea,942.3,25.5,29.0,6.34,0.91,loam,1171,1,5673.9
2004,Rift Valley,Maize,944.1,18.3,46.5,3.37,3.15,volcanic,2482,1,2662.6
2007,Nyanza,Sorghum,1504.9,19.9,41.9,2.1,2.17,loam,1308,0,464.9
2004,Nyanza,Coffee,1830.2,21.2,53.5,0.73,3.61,clay,1230,0,674.1
2003,Coast,Beans,1224.0,28.7,85.5,1.22,1.94,loam,269,0,344.5
2020,Eastern,Beans,589.6,22.3,49.3,1.68,0.95,clay,864,0,416.6
2023,Rift Valley,Beans,645.9,20.9,37.8,2.33,2.52,volcanic,2323,1,1359.2
2019,Eastern,Tea,644.9,30.8,43.6,2.87,0.98,clay,1472,0,955.9
2005,Eastern,Wheat,571.6,24.1,75.6,1.95,1.32,clay,1380,0,1155.7
2001,Rift Valley,Sorghum,1073.8,16.6,51.8,3.43,0.35,loam,2071,1,721.4
2015,Nyanza,Beans,1776.6,24.9,22.0,0.8,1.73,loam,1292,1,495.3
2016,Eastern,Beans,737.8,23.6,32.7,1.98,2.46,clay,1031,0,451.7
2001,Nyanza,Beans,1362.3,20.9,23.0,0.54,1.21,clay,1141,1,650.1
2012,Rift Valley,Beans,1135.0,15.2,33.4,2.44,1.36,volcanic,2110,1,1041.3
2002,Western,Tea,1670.0,19.7,88.9,2.69,1.46,loam,1354,0,9598.6
2001,Coast,Maize,812.7,27.6,27.9,0.0,2.53,loam,16,0,930.4
2011,North Eastern,Sorghum,175.6,32.0,47.3,1.09,0.94,clay,570,0,599.6
2015,North Eastern,Wheat,292.5,33.1,43.5,0.49,1.01,clay,207,0,267.5
2022,Central,Tea,1089.4,14.9,16.5,4.84,2.52,volcanic,2125,1,14574.7
2001,Coast,Wheat,1437.7,27.6,42.6,2.14,0.27,loam,126,0,565.9
2013,Western,Wheat,1832.9,22.8,33.7,1.31,1.13,loam,1913,0,907.6
2001,North Eastern,Tea,261.8,29.6,42.7,3.59,2.11,clay,340,0,272.7
2009,Western,Coffee,1589.7,26.3,41.8,1.93,0.87,clay,1901,0,532.5
2019,North Eastern,Tea,336.5,32.9,38.0,2.38,1.87,sandy,198,0,176.9
2020,Coast,Maize,1284.0,29.6,40.1,0.21,3.15,sandy,251,1,451.8
2022,Western,Tea,1788.4,18.0,8.9,4.01,0.47,clay,1420,0,6164.3
2004,North Eastern,Coffee,344.7,28.2,25.0,2.17,0.59,clay,399,1,175.0
2015,Western,Sorghum,1498.7,22.3,32.9,2.55,0.84,clay,1758,0,388.1
2008,Central,Beans,1534.7,17.9,64.5,0.13,3.23,loam,2429,1,1129.4
2017,Nyanza,Beans,1608.7,24.7,34.1,2.39,0.47,loam,1330,0,524.0
2019,Central,Tea,1465.6,18.1,49.1,5.75,0.86,loam,1703,1,14536.1
2018,Central,Sorghum,1219.7,16.6,40.4,6.55,1.68,volcanic,2573,1,674.4
2011,North Eastern,Beans,228.3,27.6,30.3,1.07,1.47,sandy,270,1,183.1
2006,Nyanza,Maize,1424.0,23.6,20.2,3.58,1.43,clay,1615,0,1087.1
2005,Nyanza,Tea,1532.6,23.3,45.8,5.01,1.31,clay,1740,1,6333.2
2018,Coast,Maize,788.7,25.2,8.9,3.41,0.55,sandy,476,0,639.1
2001,Eastern,Wheat,562.6,28.2,48.2,1.21,3.61,sandy,1015,0,457.9
2007,Central,Beans,1195.5,15.6,44.1,3.65,0.44,loam,2655,1,993.4
2002,Coast,Maize,1462.6,32.0,81.2,4.31,2.76,sandy,385,0,451.8
2000,Rift Valley,Beans,851.3,19.2,66.0,3.47,2.21,loam,1583,1,1467.2
2006,Coast,Tea,1430.3,24.5,24.0,1.67,1.03,sandy,382,0,862.1
2002,Western,Tea,1360.0,22.7,17.9,3.3,0.59,clay,1766,0,4651.4
2000,Coast,Coffee,1360.4,27.2,0.0,0.99,0.36,sandy,435,0,142.9
2020,Western,Sorghum,1242.6,19.2,35.9,2.26,2.45,loam,1646,1,660.3
2011,Coast,Coffee,1017.5,25.7,47.2,3.34,2.88,loam,529,0,429.0
2012,Coast,Coffee,711.9,24.5,35.8,2.02,1.03,loam,408,0,383.8
2022,Coast,Maize,1156.5,30.3,10.5,3.03,0.59,loam,39,0,685.0
2008,Nyanza,Maize,1627.0,24.2,19.7,2.13,1.31,loam,1789,0,1365.3
2015,Central,Sorghum,1262.6,17.1,34.6,2.62,1.89,loam,2653,1,474.2
2010,Central,Maize,1447.5,20.2,57.6,4.52,5.45,volcanic,2967,1,2462.8
2010,Eastern,Wheat,391.7,24.4,20.3,1.31,1.0,sandy,1202,0,444.7
2011,Nyanza,Sorghum,1744.1,22.9,44.2,3.98,3.83,loam,1606,0,346.8
2002,Rift Valley,Coffee,956.4,22.2,44.8,5.75,0.72,loam,2266,1,1260.2
2000,Coast,Maize,1149.0,27.7,53.0,4.78,1.15,loam,250,0,1034.6
2000,Coast,Wheat,899.5,28.7,71.1,3.78,1.8,loam,566,0,747.0
2020,Rift Valley,Sorghum,738.1,19.4,24.3,2.81,2.18,volcanic,1924,1,1105.8
2014,Eastern,Beans,715.9,24.6,45.1,1.98,0.8,clay,1450,0,449.5
2020,Western,Coffee,1894.3,25.7,4.6,0.66,0.77,loam,1427,0,425.8
2019,Coast,Beans,1023.2,26.3,70.5,3.31,0.65,loam,127,0,450.3
2010,Eastern,Beans,600.8,23.6,38.6,2.1,1.09,sandy,716,0,333.1
2022,Coast,Wheat,928.8,30.1,32.2,2.54,1.81,sandy,513,0,239.9
2013,Central,Tea,1492.4,17.9,59.2,2.14,2.28,loam,2672,1,12940.0
2015,Rift Valley,Maize,1373.7,20.7,6.3,1.44,2.39,loam,1925,1,2055.6
2021,Rift Valley,Sorghum,984.4,17.4,51.7,2.1,3.04,volcanic,2455,1,979.4
2000,Eastern,Coffee,686.5,23.4,15.8,2.59,1.46,sandy,753,0,258.4
2015,Coast,Coffee,1291.4,25.4,16.2,3.37,1.29,loam,275,0,327.9
2012,Eastern,Coffee,482.0,29.2,22.3,3.66,1.73,clay,1336,0,276.5
2010,North Eastern,Beans,212.2,32.5,58.4,3.78,0.54,sandy,364,0,100.0
2014,Rift Valley,Beans,829.5,20.4,61.5,3.72,1.09,loam,2310,1,1200.7
2012,Coast,Coffee,895.7,26.3,38.4,1.58,0.37,loam,168,1,398.6
2014,Coast,Coffee,1494.8,30.1,25.4,3.04,0.55,loam,68,0,252.0
2021,Rift Valley,Coffee,1206.9,21.2,30.8,3.32,1.35,volcanic,1548,1,1470.5
2016,Coast,Tea,540.7,29.0,51.4,2.41,2.97,loam,137,0,944.6
2015,Eastern,Tea,849.4,33.3,52.1,2.23,1.96,sandy,1222,1,1024.6
2021,North Eastern,Sorghum,326.2,25.6,23.5,0.7,3.29,sandy,328,0,461.3
2012,Central,Tea,1436.6,13.9,50.4,2.48,2.01,volcanic,1807,1,12359.5
2014,Western,Tea,1998.3,21.0,20.2,2.31,1.4,clay,1263,0,5555.0
2004,Eastern,Maize,532.7,20.5,58.7,3.25,6.78,clay,950,0,1048.9
2022,Western,Beans,1516.3,20.6,16.8,2.08,0.74,clay,1470,1,662.0
2019,Central,Wheat,1053.0,20.3,35.1,2.5,2.86,loam,1579,1,3240.2
2009,Western,Tea,1753.2,21.8,33.6,2.75,3.03,loam,1739,0,7206.5
2017,Coast,Maize,941.3,30.1,39.0,3.25,1.08,sandy,64,0,391.8
2016,North Eastern,Tea,421.2,38.4,41.8,3.68,0.39,sandy,387,0,209.2
2010,Nyanza,Coffee,1835.3,24.9,83.1,1.35,2.49,clay,1749,0,599.4
2016,Eastern,Tea,521.0,26.2,52.8,2.09,1.57,sandy,1430,0,897.7
2012,Eastern,Maize,544.0,19.8,37.3,3.28,4.36,clay,1014,1,1191.5
2016,Coast,Tea,1270.8,28.6,39.6,5.02,6.07,sandy,391,1,737.5
2023,Eastern,Tea,546.2,27.5,50.9,1.94,2.32,sandy,1384,1,745.6
2014,Coast,Maize,808.0,31.0,25.3,0.4,0.3,loam,246,1,771.7
2006,Nyanza,Tea,1283.5,23.3,43.2,2.5,1.83,clay,1667,0,4767.0
2015,Rift Valley,Beans,864.6,17.4,12.4,1.4,1.32,volcanic,1633,1,1244.8
2011,Rift Valley,Coffee,903.9,17.4,51.6,3.19,3.97,volcanic,1797,1,1519.0
2016,Eastern,Sorghum,488.9,26.1,42.1,3.38,5.38,sandy,546,1,859.8
2016,Coast,Beans,1275.3,30.4,27.1,3.69,0.8,loam,551,0,317.5
2000,Central,Wheat,1232.1,20.2,66.9,3.48,1.88,loam,2376,1,3563.6
2022,Western,Wheat,1608.0,18.5,40.4,5.04,1.5,clay,1645,0,1244.0
2011,Eastern,Beans,633.5,25.8,27.7,5.29,1.39,clay,1174,0,433.0
2014,Western,Wheat,1731.2,20.2,14.4,2.39,0.72,clay,1483,1,1188.3
2010,Nyanza,Wheat,1683.6,21.9,2.5,5.57,0.67,clay,1652,1,1056.1
2022,Western,Wheat,1388.4,23.2,24.9,2.35,3.72,clay,1784,0,885.4
2008,Western,Beans,1453.7,24.3,19.0,1.03,1.3,clay,1330,0,410.9
2009,North Eastern,Wheat,255.6,33.9,28.6,5.14,3.81,clay,223,0,282.2
2021,Rift Valley,Maize,1106.2,20.9,23.2,2.04,1.7,volcanic,2092,1,2747.5
2006,Rift Valley,Maize,966.8,21.9,61.6,0.53,2.09,volcanic,2481,1,3505.3
2018,Coast,Beans,1109.6,28.5,27.9,3.36,0.42,loam,97,0,352.7
2014,North Eastern,Beans,319.4,29.8,61.5,2.82,1.56,clay,261,0,162.9
2018,Coast,Coffee,1042.3,24.5,46.5,2.28,0.97,loam,539,0,333.4
2006,Central,Beans,900.8,15.2,66.5,2.25,1.43,volcanic,2952,1,1312.0
2014,Coast,Maize,1176.1,28.0,50.8,1.29,4.02,loam,197,1,1210.0
2022,Western,Beans,1822.6,23.2,50.0,2.57,1.36,loam,1906,0,512.5
2013,Central,Sorghum,1317.6,14.4,39.9,2.03,2.15,loam,2221,1,346.3
2011,Rift Valley,Wheat,754.6,17.5,72.4,5.49,2.28,loam,1833,1,4905.2
2021,Eastern,Beans,525.7,27.6,30.4,2.9,1.56,clay,1150,0,329.4
2014,Central,Coffee,1264.0,14.2,31.2,2.67,4.45,volcanic,2487,1,964.4
2018,Nyanza,Sorghum,1290.4,19.7,80.7,3.2,0.96,clay,1433,0,688.1
2016,Nyanza,Maize,1607.1,23.5,53.2,2.4,0.59,clay,1203,0,1477.1
2004,Coast,Tea,572.5,26.1,44.6,1.41,14.36,loam,369,0,1368.3
2005,Coast,Beans,1188.9,26.4,57.9,1.55,1.61,sandy,559,0,249.9
2001,Nyanza,Sorghum,998.7,24.2,51.4,2.61,1.14,loam,1746,0,1236.5
2001,Nyanza,Maize,1985.6,23.2,63.7,3.26,2.94,loam,1469,0,1125.7
2019,Rift Valley,Sorghum,809.7,17.0,23.6,0.57,0.72,volcanic,2710,1,864.5
2015,Rift Valley,Wheat,1169.3,21.9,45.8,2.55,2.49,volcanic,2797,1,3581.1
2019,North Eastern,Beans,278.6,27.1,39.1,0.65,3.57,sandy,557,1,143.1
2008,Western,Sorghum,1721.5,18.9,61.7,1.79,1.26,clay,1573,1,256.0
2019,Coast,Wheat,1073.6,25.5,21.1,3.47,0.66,loam,533,0,752.9
2023,Nyanza,Wheat,1234.1,24.4,63.5,2.09,1.06,clay,1703,0,1203.5
2013,Western,Sorghum,1401.9,21.8,50.1,3.8,0.58,clay,1946,1,541.8
2016,Nyanza,Coffee,1092.2,23.1,42.1,0.88,1.19,clay,1686,1,738.1
2012,Central,Sorghum,1062.7,14.1,42.9,3.38,1.94,volcanic,1577,1,564.2
2008,Eastern,Maize,357.9,24.6,60.1,0.62,1.54,clay,1055,0,1064.5
2005,Western,Beans,1670.3,25.0,14.6,4.23,7.08,clay,1271,0,408.1
2019,Rift Valley,Maize,834.7,23.0,8.9,0.39,1.27,volcanic,2703,1,2786.3
2001,North Eastern,Wheat,212.3,28.2,30.4,3.04,6.99,sandy,166,0,217.9
2017,Western,Coffee,1586.9,23.2,53.4,1.08,0.68,loam,1553,0,623.7
2006,Central,Maize,1010.0,15.9,24.6,3.48,0.64,volcanic,2873,1,1915.6
2007,Rift Valley,Maize,1074.9,18.4,4.1,2.43,0.46,volcanic,1521,1,2575.2
2001,Nyanza,Tea,1270.2,27.4,35.1,3.6,1.36,loam,1369,0,3036.6
2017,Central,Beans,1281.8,18.3,13.0,1.82,0.53,volcanic,2411,1,945.6
2011,Central,Beans,1283.4,19.3,39.5,4.42,2.88,volcanic,2156,1,1228.1
2010,Central,Beans,806.0,18.8,15.8,3.6,1.36,loam,1795,1,973.3
2001,Central,Wheat,1203.6,17.9,12.7,3.39,0.2,loam,1507,1,2832.7
2008,Central,Tea,1572.8,12.7,26.0,2.19,3.74,volcanic,1682,1,9107.9
2016,Eastern,Sorghum,564.9,24.1,45.3,0.32,1.46,clay,865,0,919.4
2014,Rift Valley,Wheat,934.7,19.5,35.5,4.73,0.44,loam,2491,1,3249.8
2014,Nyanza,Coffee,1276.8,26.6,63.5,2.71,0.27,clay,1338,1,635.3
2004,Eastern,Tea,568.9,22.6,20.1,0.33,2.15,clay,504,0,1693.0
2002,Western,Wheat,1432.9,21.9,18.8,0.0,1.55,loam,1505,0,1236.5
2000,Western,Wheat,1541.9,22.0,62.8,0.73,1.81,clay,1888,1,1357.2
2003,North Eastern,Maize,358.7,30.4,30.5,0.54,0.72,sandy,274,0,223.2
2004,Western,Maize,1608.4,22.5,17.7,4.3,0.89,loam,1472,0,1371.1
2018,Central,Sorghum,1144.2,18.7,39.0,0.39,1.3,volcanic,2927,1,746.5
2021,Rift Valley,Coffee,1034.3,22.1,57.8,3.64,1.41,loam,2414,1,1235.2
2016,Rift Valley,Wheat,742.3,17.3,0.0,2.06,2.54,loam,2371,1,2713.9
2011,Coast,Tea,1732.4,29.2,78.3,3.74,0.8,loam,85,0,1152.9
2014,Nyanza,Beans,1794.5,21.9,48.1,2.39,1.82,loam,1626,0,570.2
2006,Rift Valley,Coffee,627.1,17.1,56.2,2.85,1.45,loam,2046,1,1155.1
2018,Coast,Coffee,1362.0,28.5,22.0,1.88,1.65,sandy,386,0,143.3
2002,Western,Beans,1172.5,24.1,52.7,0.64,0.28,loam,1383,0,633.5
2018,Western,Sorghum,1902.1,21.0,23.9,5.41,0.98,loam,1548,0,245.8
2015,Nyanza,Coffee,1985.9,21.0,24.8,1.43,1.48,clay,1225,0,515.7
2011,Eastern,Beans,489.3,27.4,71.9,3.47,0.85,clay,921,0,394.5
2002,North Eastern,Wheat,245.5,23.6,25.3,2.03,2.07,clay,588,0,472.4
2003,Western,Sorghum,1719.8,20.3,45.3,2.86,1.18,clay,1211,0,211.9
2004,Coast,Coffee,601.3,26.5,50.5,2.51,2.61,loam,327,0,363.5
2012,Central,Maize,959.2,17.5,52.6,2.05,2.17,loam,1864,1,1548.0
2023,Coast,Sorghum,1423.2,27.4,28.5,3.81,1.93,loam,90,0,458.1
2008,North Eastern,Tea,222.4,28.1,58.9,2.49,2.98,clay,589,0,258.3
2004,Rift Valley,Sorghum,1245.1,19.2,55.1,2.65,0.85,volcanic,2748,1,692.4
2009,Rift Valley,Wheat,833.1,20.1,45.5,4.05,3.33,volcanic,2594,1,4386.8
2006,Western,Beans,1654.3,21.1,16.5,3.2,4.7,clay,1330,1,638.4
2008,Coast,Tea,754.6,28.3,73.0,3.79,0.95,sandy,527,0,618.9
2020,Rift Valley,Beans,764.8,21.6,22.8,4.63,4.21,loam,2271,1,879.2
2014,Western,Tea,1795.5,20.2,39.6,2.13,1.0,clay,1444,0,5747.7
2020,Nyanza,Sorghum,1318.3,25.5,23.9,2.78,0.85,loam,1367,0,736.2
2023,Central,Beans,1529.0,16.5,51.5,2.97,11.65,loam,2393,1,959.7
2009,North Eastern,Beans,320.1,27.1,72.1,4.34,0.45,sandy,168,0,162.8
2020,Central,Wheat,1326.5,16.1,24.6,4.91,1.58,volcanic,1581,1,3499.5
2000,Nyanza,Coffee,1409.9,22.2,37.7,3.23,1.84,loam,1647,0,806.3
2009,Rift Valley,Beans,790.8,16.2,54.5,4.36,0.62,loam,2524,1,1218.1
2020,Western,Maize,1404.7,21.5,72.0,3.7,2.47,clay,1389,0,1426.5
2003,Western,Maize,2036.1,21.9,6.9,3.22,1.68,clay,1436,1,1138.1
2012,Rift Valley,Tea,1105.7,17.2,88.4,2.45,3.23,volcanic,2083,1,13729.6
2011,Western,Wheat,1661.2,21.0,30.6,2.85,0.49,loam,1450,0,1046.5
2023,Rift Valley,Wheat,905.7,19.1,58.8,1.73,1.44,loam,2500,1,3334.8
2017,North Eastern,Beans,229.1,28.3,77.4,1.22,7.45,clay,355,0,213.1
2008,Rift Valley,Wheat,922.7,19.9,36.2,2.34,1.16,loam,2789,1,3573.8
2004,Nyanza,Tea,1481.9,21.0,39.9,1.7,1.06,clay,1202,0,4614.7
2002,Western,Maize,1845.7,19.2,51.7,2.19,1.43,loam,1255,1,1640.2
2003,Nyanza,Tea,1980.8,23.3,38.1,2.2,0.99,clay,1638,0,4502.2
2014,Coast,Coffee,1128.6,29.5,83.9,3.93,1.3,loam,545,0,297.3
2000,Coast,Wheat,487.2,28.8,38.2,4.92,0.7,sandy,552,0,300.4
2022,Rift Valley,Coffee,1149.9,16.9,61.5,4.07,2.47,loam,2496,1,1149.3
2002,North Eastern,Coffee,130.4,28.8,43.8,3.17,0.94,clay,494,0,122.2
2018,Rift Valley,Wheat,1253.6,20.9,2.8,1.35,1.6,loam,2440,1,2333.7
2020,North Eastern,Tea,164.5,23.1,29.0,0.67,0.95,sandy,543,0,250.7
2017,Nyanza,Sorghum,1651.7,21.8,28.8,0.85,1.84,loam,1659,0,359.4
2014,Coast,Sorghum,1177.2,27.6,41.3,1.94,0.48,sandy,227,0,357.4
2021,Central,Sorghum,1260.0,13.7,52.9,4.71,0.71,loam,2634,1,367.5
2017,North Eastern,Maize,346.5,32.4,11.5,5.37,0.86,sandy,297,0,225.5
2023,Eastern,Maize,521.5,19.5,67.3,2.04,0.96,clay,1453,0,1199.7
2021,Rift Valley,Beans,841.1,21.9,70.6,2.38,0.67,loam,2742,1,949.7
2007,Coast,Tea,360.0,32.2,28.5,1.1,1.13,loam,41,1,1223.4
2018,North Eastern,Coffee,236.1,32.5,17.9,2.83,3.17,clay,288,1,100.0
2018,Eastern,Beans,490.0,22.3,68.1,2.8,0.31,clay,971,0,514.6
2021,Western,Tea,1389.2,19.7,45.6,2.23,6.11,clay,1679,0,6048.0
2009,Western,Sorghum,1704.4,22.2,43.6,2.24,2.71,clay,1354,1,286.2
2018,North Eastern,Sorghum,165.4,36.6,16.4,2.83,0.4,clay,297,1,475.0
2016,North Eastern,Tea,223.7,25.4,54.1,2.99,0.62,clay,539,0,351.8
2001,North Eastern,Tea,360.8,27.5,10.0,2.36,1.27,sandy,458,0,194.3
2017,Eastern,Maize,609.9,25.9,30.3,4.86,0.57,clay,595,0,792.1
2009,North Eastern,Sorghum,314.8,27.8,33.1,2.68,0.95,sandy,215,0,684.5
2009,Central,Tea,1058.5,15.9,25.6,0.81,1.31,loam,2760,1,8846.2
2018,Coast,Tea,785.4,29.4,25.4,2.82,1.39,loam,248,0,845.4
2007,Central,Sorghum,910.9,17.7,24.1,4.11,1.58,loam,2194,1,675.4
2011,Western,Tea,1606.8,20.8,32.6,2.15,2.38,clay,1990,0,5404.4
2001,North Eastern,Wheat,274.6,31.1,81.9,0.23,3.04,clay,488,0,338.6
2021,North Eastern,Wheat,346.9,26.6,50.6,4.66,0.24,clay,265,0,410.8
2001,Central,Tea,1559.5,18.3,28.6,3.36,3.6,loam,1680,1,12705.4
2008,Eastern,Coffee,394.1,29.1,44.9,3.59,0.87,clay,519,0,308.1
2016,Nyanza,Tea,1110.3,21.9,30.7,0.28,0.76,loam,1253,0,4318.6
2007,Eastern,Sorghum,619.5,19.9,57.0,0.65,1.99,sandy,807,0,667.5
2019,Rift Valley,Sorghum,887.1,16.6,53.0,2.56,1.52,volcanic,1734,1,807.7
2008,Central,Coffee,724.5,18.4,84.4,3.41,1.17,loam,2792,1,1464.9
2011,Western,Tea,1566.5,20.3,29.0,2.9,0.95,clay,1514,0,5587.4
2002,Western,Sorghum,1771.3,24.8,33.9,4.52,1.18,clay,1763,1,367.1
2008,Eastern,Beans,437.8,24.9,45.8,2.24,2.11,sandy,1246,0,269.0
2020,Eastern,Sorghum,432.6,26.6,44.9,2.49,2.5,clay,1228,0,1160.6
2020,Western,Tea,1702.9,20.1,62.4,3.71,2.67,loam,1726,0,8123.8
2004,Nyanza,Tea,1675.7,22.4,45.3,2.98,0.85,loam,1564,0,6308.4
2015,Rift Valley,Beans,420.8,17.6,30.4,0.0,0.6,volcanic,2288,1,870.0
2020,Coast,Coffee,1095.2,27.3,38.1,1.71,0.47,loam,339,0,314.1
2015,Coast,Coffee,1554.6,25.4,45.5,4.85,2.05,sandy,588,0,233.0
2015,Coast,Wheat,714.4,28.2,45.2,0.64,1.71,loam,181,0,590.2
2008,Central,Tea,1296.6,18.3,49.5,2.65,2.2,loam,2243,1,9315.5
2011,Central,Wheat,1008.1,14.6,29.2,2.23,0.6,volcanic,2192,1,3680.2
2020,North Eastern,Maize,284.5,29.6,35.7,4.22,1.5,clay,408,0,484.6
2004,Coast,Wheat,1004.3,29.8,72.3,3.59,1.27,loam,233,1,873.2
2020,Western,Tea,1661.4,21.5,5.9,2.38,2.4,clay,1590,0,4969.0
2014,Nyanza,Maize,1462.9,22.0,56.1,1.04,1.88,clay,1555,0,1535.8
2002,Coast,Coffee,1033.1,30.2,21.3,0.51,0.55,sandy,435,0,108.3
2017,Rift Valley,Maize,938.7,21.6,38.5,2.22,2.04,loam,2384,1,2446.9
2007,Western,Beans,1538.7,20.5,22.2,1.28,1.28,loam,1446,0,697.8
2012,Coast,Tea,1234.6,27.9,39.7,0.84,1.09,loam,270,0,980.4
2020,North Eastern,Tea,243.5,31.0,49.1,0.0,2.76,clay,405,0,259.8
2018,Central,Maize,1200.1,17.6,37.9,0.41,1.93,loam,1763,1,1698.4
2009,North Eastern,Tea,200.4,30.7,16.3,2.12,2.77,clay,563,1,296.8
2023,Coast,Coffee,1749.2,28.1,27.2,6.74,0.54,sandy,215,1,220.9
2009,Central,Beans,1307.1,19.4,4.4,4.1,7.8,volcanic,1982,1,1112.2
2020,North Eastern,Sorghum,418.9,30.6,27.0,1.77,1.08,clay,539,1,931.8
2003,Rift Valley,Coffee,679.4,18.1,50.7,1.98,0.42,volcanic,1533,1,1281.1
2002,Coast,Tea,933.2,24.6,49.6,0.34,1.49,loam,58,0,1516.5
2005,Coast,Tea,1218.9,26.1,40.9,3.53,0.32,sandy,188,0,975.2
2004,Nyanza,Tea,1269.5,20.4,44.4,1.79,0.75,loam,1568,1,6971.8
2008,Eastern,Maize,193.2,26.0,59.7,0.12,1.53,sandy,613,0,611.1
2021,Western,Tea,1980.0,17.7,55.2,1.24,3.53,clay,1483,1,8329.0
2017,Western,Maize,1506.7,21.0,36.6,4.96,1.19,loam,1687,0,1775.5
2002,Central,Sorghum,1217.0,11.0,36.3,0.05,3.14,volcanic,2671,1,383.4
2017,Coast,Coffee,1166.8,24.2,31.3,5.08,0.79,loam,355,0,394.6
2009,Eastern,Coffee,509.5,19.4,71.9,2.66,3.68,clay,1123,0,511.8
2009,Coast,Maize,797.9,29.9,0.0,2.28,0.5,sandy,358,0,351.7
2019,Rift Valley,Sorghum,706.9,22.3,28.4,0.74,1.18,volcanic,2133,1,1391.4
2002,Rift Valley,Coffee,708.2,16.3,8.3,3.12,1.16,volcanic,2675,1,1089.4
2000,Rift Valley,Coffee,780.6,14.2,31.8,3.87,1.97,volcanic,2290,1,1097.0
2005,Coast,Sorghum,426.1,31.6,49.7,2.44,2.55,sandy,362,0,318.0
2010,Eastern,Coffee,699.4,21.7,11.6,4.75,1.08,clay,1111,0,411.2
2000,Coast,Beans,1097.3,26.9,56.8,0.46,0.72,loam,543,0,347.3
2002,Rift Valley,Coffee,1040.1,17.5,50.1,2.91,1.3,loam,1960,1,1093.5
2013,Nyanza,Tea,1926.0,22.3,23.2,3.53,0.99,clay,1395,0,3857.5
2017,Central,Sorghum,1489.3,16.1,31.4,0.55,1.0,volcanic,2856,1,366.2
2009,North Eastern,Maize,260.0,31.6,57.5,3.99,1.84,clay,270,0,348.3
2007,Rift Valley,Maize,450.9,19.4,78.4,1.97,1.15,loam,2713,1,2585.2
2006,Coast,Sorghum,1361.0,26.9,45.6,2.73,0.64,sandy,399,0,351.6
2008,Coast,Beans,1125.6,28.4,14.6,1.93,2.53,loam,368,0,297.2
2017,Coast,Maize,1215.8,31.6,38.3,3.47,0.9,sandy,3,0,463.0
2008,Central,Maize,811.6,17.0,8.2,1.5,0.72,loam,1955,1,1435.5
2012,Coast,Coffee,293.3,31.1,61.7,3.17,5.13,sandy,340,1,149.5
2000,Central,Sorghum,1153.8,18.4,77.0,4.19,1.12,loam,2188,1,642.9
2011,Coast,Maize,1335.7,30.5,36.6,4.15,1.73,sandy,488,1,523.3
2012,Western,Wheat,1544.4,26.1,26.5,1.9,5.44,loam,1856,0,804.9
2014,North Eastern,Beans,337.2,29.3,54.1,3.67,4.16,sandy,417,0,151.9
2018,Eastern,Wheat,669.7,22.3,40.2,2.36,0.55,sandy,1172,0,590.9
2011,Central,Tea,1235.1,16.7,56.2,4.35,0.46,loam,1862,1,13105.3
2021,Western,Beans,1700.8,18.3,34.0,0.27,3.3,loam,1378,0,557.9
2001,North Eastern,Sorghum,204.9,28.4,34.4,4.08,0.6,clay,154,1,1123.6
2005,Central,Coffee,989.2,17.9,6.0,1.66,1.07,volcanic,1939,1,1401.5
2016,North Eastern,Sorghum,199.4,30.1,28.7,0.26,3.25,sandy,203,0,448.1
2011,Western,Coffee,1962.2,21.4,35.2,4.7,1.92,clay,1840,0,668.1
2019,Western,Beans,1417.9,23.5,21.6,3.78,1.56,loam,1821,0,629.8
2022,Coast,Wheat,922.8,30.2,37.4,1.22,0.79,loam,418,0,417.4
2004,Western,Coffee,1461.9,23.3,44.1,0.23,3.99,clay,1305,0,636.2
2019,Eastern,Wheat,788.4,28.2,27.6,0.0,1.16,clay,1078,0,505.4
2017,Eastern,Beans,704.3,25.5,45.0,2.62,1.79,clay,1169,0,423.1
2021,North Eastern,Sorghum,202.1,32.1,13.9,0.1,0.87,clay,409,0,580.7
2010,Coast,Maize,1541.3,27.5,32.6,3.42,1.98,loam,173,0,834.4
2003,Rift Valley,Sorghum,985.8,20.4,43.5,1.95,0.76,volcanic,2392,1,1093.9
2000,Nyanza,Wheat,1381.2,24.9,20.3,3.26,0.93,clay,1508,0,878.8
2007,Coast,Tea,953.2,26.9,43.2,3.25,2.95,sandy,51,0,842.2
2010,Western,Coffee,1348.0,20.5,50.2,3.91,0.87,clay,1315,0,634.0
2012,Eastern,Sorghum,471.7,29.8,15.1,0.92,1.06,sandy,803,1,669.4
2020,Eastern,Wheat,496.0,20.0,31.7,2.89,0.69,sandy,553,1,841.0
2017,Western,Tea,1751.0,21.2,38.6,2.64,1.46,loam,1982,1,9219.9
2023,Western,Coffee,1358.6,21.7,45.2,2.07,1.1,clay,1431,1,787.3
2005,Nyanza,Maize,1309.3,24.7,43.7,3.41,1.15,clay,1706,0,1353.5
2018,North Eastern,Maize,256.2,33.9,46.4,2.79,0.55,sandy,266,0,208.8
2014,North Eastern,Wheat,363.2,26.9,35.4,1.09,1.03,clay,229,1,505.4
2009,Rift Valley,Tea,745.7,18.0,19.1,2.19,1.02,loam,2614,1,11358.2
2018,Eastern,Wheat,391.6,23.2,46.2,5.6,0.51,sandy,1138,0,793.2
2001,Eastern,Sorghum,553.0,26.7,26.6,3.0,0.45,clay,1410,0,1131.0
2002,Rift Valley,Wheat,745.4,18.5,30.3,2.62,6.82,volcanic,2176,1,3430.7
2011,Western,Maize,2019.5,22.2,34.1,1.9,0.47,clay,1369,1,1178.4
2012,Western,Beans,2168.5,23.9,9.0,4.76,3.11,clay,1482,0,263.3
2021,Western,Maize,1516.3,18.4,28.7,1.6,0.85,loam,1315,0,1208.1
2002,Eastern,Sorghum,403.3,22.2,0.4,5.54,2.47,clay,529,0,897.6
2016,Rift Valley,Maize,929.5,17.6,52.3,3.26,2.38,loam,1546,1,2199.2
2003,Coast,Tea,1466.3,30.7,54.7,4.63,1.4,sandy,600,0,692.9
2013,North Eastern,Tea,221.0,30.5,49.2,2.79,0.66,sandy,433,1,227.2
2001,Western,Coffee,1431.9,22.4,5.2,1.68,0.63,loam,1662,0,628.2
2001,Coast,Wheat,764.2,25.2,46.1,3.58,1.15,sandy,476,0,576.1
2004,Western,Beans,1284.3,19.5,42.1,1.75,1.06,loam,1406,0,920.5
2020,North Eastern,Tea,269.1,27.7,31.1,2.09,4.17,sandy,256,0,202.8
2012,Central,Coffee,1248.0,19.5,55.8,3.95,1.7,loam,2147,1,1260.3
2006,Eastern,Beans,464.2,25.0,58.7,2.17,2.85,clay,815,0,520.9
2002,Central,Beans,955.6,18.4,35.2,1.94,2.22,loam,1539,1,1133.8
2016,Eastern,Maize,500.3,22.2,18.3,1.26,10.64,clay,1040,0,1066.8
2001,North Eastern,Tea,241.2,30.4,18.5,3.0,0.98,clay,326,0,258.1
2006,Western,Maize,1510.9,22.7,41.1,3.64,0.47,clay,1511,0,1719.7
2021,Western,Tea,1437.0,22.1,22.8,1.92,2.73,clay,1295,0,4378.8
2013,Nyanza,Tea,1073.1,20.1,42.1,1.69,2.57,loam,1784,1,8177.1
2001,Rift Valley,Wheat,969.7,17.2,30.2,4.11,1.91,loam,2237,1,4339.0
2007,Rift Valley,Coffee,808.5,21.1,17.8,2.98,0.46,volcanic,2455,1,1291.5
2005,North Eastern,Beans,274.2,33.0,47.2,1.53,1.74,clay,331,0,152.3
2009,Nyanza,Beans,1522.9,22.5,53.5,5.35,1.23,loam,1232,0,720.2
2002,Nyanza,Wheat,1435.0,20.4,57.6,0.35,1.7,clay,1549,0,1201.0
2023,Coast,Wheat,1176.9,22.7,67.3,1.39,2.18,sandy,532,0,568.5
2023,Coast,Sorghum,1485.1,26.5,62.9,2.78,1.61,loam,74,1,494.4
2020,Western,Tea,1378.0,24.1,3.4,4.93,1.06,loam,1344,0,4666.6
2004,Rift Valley,Sorghum,766.4,14.6,49.4,3.98,1.84,loam,1773,1,640.4
2013,Rift Valley,Maize,771.2,21.2,47.8,4.19,0.63,loam,2534,1,2965.1
2012,Western,Beans,1502.6,24.7,39.3,1.14,2.0,loam,1253,0,544.8
2018,North Eastern,Wheat,280.8,25.8,72.8,1.74,1.96,clay,215,0,399.7
2014,Coast,Sorghum,1209.8,24.8,34.4,2.31,1.88,loam,187,0,489.6
2007,Western,Sorghum,1342.5,22.1,18.5,2.62,0.96,clay,1337,0,529.0
2016,Eastern,Coffee,363.7,20.6,18.1,2.4,1.83,clay,1228,0,430.5
2012,Western,Maize,1915.9,20.3,50.9,2.8,1.62,clay,1835,0,1326.8
2020,Nyanza,Tea,1720.6,22.8,53.7,0.88,3.54,loam,1192,0,6182.4
2003,Western,Wheat,1198.1,20.5,24.6,1.09,2.41,loam,1953,0,1473.9
2011,Coast,Wheat,454.6,29.5,38.1,3.13,0.74,loam,351,0,622.3
2014,Western,Maize,1710.1,21.0,19.0,3.77,1.26,loam,1732,1,1764.5
2008,Nyanza,Wheat,1623.6,23.2,36.7,1.19,1.42,loam,1696,0,1214.4
2011,Eastern,Maize,725.9,22.6,21.1,2.75,0.53,sandy,1044,0,663.4
2008,Nyanza,Coffee,908.5,22.5,64.2,1.74,0.94,loam,1786,1,1132.2
2007,Central,Wheat,1435.0,21.2,11.4,0.0,1.14,loam,1736,1,1694.8
2020,Western,Maize,1361.3,18.9,15.6,3.8,1.08,loam,1672,0,1340.3
2012,North Eastern,Coffee,288.1,34.6,15.2,0.3,1.51,clay,382,1,100.0
2002,Rift Valley,Maize,975.9,17.3,36.4,3.92,0.51,volcanic,1676,1,1936.7
2012,Rift Valley,Tea,1473.0,17.2,96.5,1.97,0.89,volcanic,1513,1,15794.5
2008,Nyanza,Wheat,1231.0,21.6,47.7,4.18,1.23,clay,1447,0,1497.6
2012,North Eastern,Coffee,307.1,27.2,44.3,0.96,2.92,clay,222,0,144.2
2012,Coast,Coffee,1317.9,26.9,60.8,3.65,4.52,loam,123,0,361.4
2014,Central,Maize,1365.4,19.5,50.5,3.89,0.45,volcanic,2234,1,2268.2
2015,Coast,Sorghum,1006.1,25.1,4.6,3.05,1.03,loam,9,0,714.9
2021,Coast,Beans,861.9,27.9,45.5,1.6,2.85,loam,239,0,341.2
2011,Eastern,Beans,348.2,21.4,67.5,4.03,1.05,clay,1282,0,654.5
2001,Eastern,Beans,609.6,21.8,34.4,0.4,1.25,sandy,1286,0,365.8
2018,Eastern,Coffee,569.8,25.1,39.7,1.63,0.34,clay,666,0,317.0
2018,Rift Valley,Maize,1230.7,20.2,44.8,3.23,0.67,loam,2503,1,2691.7
2004,Central,Wheat,1383.6,16.4,26.9,0.88,1.74,volcanic,2134,1,2675.2
2001,Central,Beans,1110.7,17.4,61.5,0.96,1.48,volcanic,2090,1,1180.9
2002,Nyanza,Sorghum,1309.3,17.8,32.8,2.4,0.67,clay,1701,1,517.4
2011,Rift Valley,Sorghum,976.2,21.7,45.3,1.53,2.51,volcanic,2389,1,993.6
2018,Rift Valley,Wheat,964.9,15.4,0.0,3.77,1.34,volcanic,1953,1,3566.6
2014,Western,Maize,1826.2,21.5,68.7,1.44,0.65,clay,1863,0,1323.7
2020,Rift Valley,Wheat,1414.4,14.5,52.2,1.66,0.9,loam,2399,1,2383.4
2000,Rift Valley,Maize,861.1,18.9,41.8,2.88,1.24,loam,2410,1,2299.0
2000,North Eastern,Sorghum,232.5,29.5,41.6,0.0,1.86,sandy,589,1,605.3
2007,Nyanza,Tea,1427.6,24.0,90.6,1.01,0.62,clay,1593,0,4086.4
2016,North Eastern,Maize,122.9,31.4,61.0,2.38,4.58,sandy,255,0,294.9
2017,Coast,Tea,1060.7,31.3,25.3,5.23,2.32,sandy,456,0,594.5
2012,Eastern,Maize,401.0,21.0,12.2,0.1,0.58,clay,991,0,854.8
2004,Coast,Coffee,804.4,27.8,69.6,3.26,0.43,loam,318,0,299.0
2014,North Eastern,Tea,184.6,28.8,32.6,0.0,0.68,clay,324,0,202.0
2009,Eastern,Wheat,577.7,25.4,74.1,1.34,0.55,sandy,807,0,553.5
2021,Coast,Sorghum,818.2,26.1,33.8,1.05,2.0,sandy,503,1,466.2
2021,Nyanza,Wheat,1684.0,23.1,48.4,1.8,1.04,loam,1406,0,1149.4
2016,Nyanza,Wheat,1141.3,21.8,65.9,1.34,1.47,loam,1110,0,1598.5
2000,Nyanza,Wheat,1497.8,20.5,58.5,2.22,0.94,clay,1344,1,1869.7
2022,Rift Valley,Beans,628.6,19.4,51.0,3.52,0.35,volcanic,2268,1,1368.1
2010,Eastern,Tea,857.7,27.9,63.1,2.04,1.59,sandy,1119,0,781.0
2009,North Eastern,Maize,285.7,29.7,60.7,0.54,0.27,sandy,227,0,305.4
2001,Nyanza,Coffee,1331.6,20.2,48.0,4.48,1.46,loam,1415,0,899.9
2008,Coast,Sorghum,955.1,25.3,39.8,2.01,1.3,loam,376,1,1173.8
2017,Central,Wheat,960.4,18.8,45.7,2.28,2.0,volcanic,1779,1,4591.7
2018,Western,Maize,1590.6,24.2,42.3,2.73,1.05,loam,1519,0,1524.5
2022,Nyanza,Wheat,1774.9,20.3,33.0,1.34,1.76,clay,1458,0,1022.5
2014,Rift Valley,Beans,991.7,20.8,46.7,1.93,1.99,volcanic,2659,1,1479.7
2002,Rift Valley,Tea,646.7,21.3,0.0,3.75,2.6,volcanic,1917,1,8693.4
2010,Rift Valley,Coffee,1065.6,20.6,42.0,5.77,0.99,volcanic,1630,1,1450.5
2019,Rift Valley,Beans,701.2,19.8,22.9,2.65,0.56,volcanic,1560,1,1078.6
2012,Western,Maize,1482.5,22.5,31.3,2.4,5.87,loam,1783,0,1625.5
2005,Western,Wheat,1680.8,21.5,34.2,0.16,2.5,loam,1978,0,1077.7
2012,Central,Wheat,1239.8,15.8,41.4,1.92,1.46,volcanic,1837,1,3553.5
2007,Western,Tea,1449.7,24.3,6.7,0.26,1.49,clay,1938,1,4496.8
2019,Nyanza,Sorghum,1276.3,21.5,7.5,5.53,3.24,clay,1644,0,512.6
2001,Central,Sorghum,796.5,11.3,56.3,2.69,1.15,volcanic,1686,1,617.8
2001,North Eastern,Coffee,190.6,34.6,21.4,4.37,1.73,clay,210,0,100.0
2003,Eastern,Tea,601.9,25.5,81.3,2.74,2.4,sandy,1055,0,1214.3
2005,Western,Maize,1463.9,22.2,17.0,3.06,0.89,clay,1548,0,1317.7
2015,Eastern,Tea,493.6,22.3,30.2,0.0,1.79,sandy,1065,0,1026.2
2020,Western,Coffee,1557.9,23.2,15.8,3.71,0.74,loam,1935,0,606.7
2006,North Eastern,Beans,265.1,25.2,85.5,0.65,0.66,sandy,242,0,176.1
2019,Coast,Wheat,1257.9,28.2,62.8,1.92,0.63,loam,327,0,681.7
2005,North Eastern,Tea,200.1,25.8,22.4,2.24,1.45,clay,198,0,312.3
2004,Rift Valley,Wheat,773.3,18.8,60.2,7.79,0.56,volcanic,1800,1,5818.1
2019,Eastern,Tea,654.3,20.6,37.8,1.29,1.03,clay,1297,0,1894.5
2016,Eastern,Sorghum,425.7,22.3,54.9,3.42,1.33,sandy,558,0,793.3
2021,Nyanza,Tea,925.3,24.6,12.4,1.85,1.13,clay,1626,1,3845.7
2009,Western,Wheat,1371.8,21.4,32.3,2.13,1.07,loam,1269,0,1444.3
2021,Eastern,Beans,176.1,26.0,17.7,0.93,2.18,clay,643,0,297.6
2003,Eastern,Wheat,671.2,21.5,31.5,1.82,0.38,sandy,505,0,670.5
2016,Western,Wheat,1718.3,20.6,35.2,3.2,1.94,clay,1379,1,1093.9
2002,Central,Coffee,1353.8,15.9,39.9,3.1,2.34,volcanic,2995,1,1084.0
2009,Eastern,Wheat,521.9,27.8,47.4,2.53,1.33,sandy,1154,1,533.8
2015,Rift Valley,Tea,878.2,19.1,43.2,4.54,1.14,volcanic,1893,1,12688.6
2010,Nyanza,Beans,1375.0,20.1,21.6,0.99,1.56,loam,1761,1,908.9
2011,Eastern,Sorghum,521.1,24.9,39.3,0.75,3.0,sandy,641,0,838.9
2016,Eastern,Tea,540.6,24.7,34.1,4.53,1.17,clay,615,0,1667.2
2007,Nyanza,Tea,1571.3,25.3,59.1,3.48,1.08,clay,1172,0,4323.2
2006,Coast,Maize,1364.5,31.8,8.2,1.2,3.84,loam,369,0,427.0
2018,Coast,Maize,1129.7,28.9,25.8,1.43,1.25,sandy,549,0,378.8
2012,Eastern,Beans,438.1,22.0,55.1,1.58,0.74,sandy,1268,0,334.7
2017,Coast,Tea,1436.6,26.8,36.3,5.76,3.71,loam,488,0,1139.7
2018,Western,Coffee,1580.4,21.0,30.4,2.55,1.46,clay,1443,0,576.1
2009,Rift Valley,Wheat,1174.1,20.4,45.7,1.02,0.75,volcanic,2062,1,3938.0
2007,North Eastern,Wheat,356.4,26.4,22.1,0.84,0.48,clay,272,0,372.4
2019,Western,Sorghum,1713.2,22.4,52.4,4.31,1.1,clay,1299,0,210.3
2013,Eastern,Wheat,729.5,22.2,37.3,2.52,0.78,sandy,1123,0,724.0
2013,Rift Valley,Tea,1015.5,18.7,68.1,1.77,2.63,loam,2541,1,11112.3
2001,North Eastern,Tea,191.9,32.2,60.1,2.54,0.74,clay,423,0,314.5
2002,Coast,Sorghum,1358.5,25.0,28.8,3.07,4.04,sandy,270,0,333.2
2013,North Eastern,Wheat,315.6,31.3,24.9,0.82,7.79,sandy,241,0,164.5
2020,Rift Valley,Wheat,782.8,19.7,65.1,1.83,0.83,loam,1763,1,2861.5
2014,Nyanza,Maize,1225.9,26.9,45.4,3.78,1.25,loam,1707,0,1475.2
2003,Central,Coffee,1183.5,19.3,47.2,4.5,0.83,volcanic,2226,1,1923.8
2016,Nyanza,Maize,1235.0,22.7,56.8,2.81,0.55,clay,1724,0,1495.0
2022,Western,Wheat,1503.1,23.4,26.2,0.38,0.54,loam,1402,0,860.7
2016,North Eastern,Tea,159.2,27.9,26.5,1.94,0.71,clay,182,0,238.4
2006,Nyanza,Tea,1768.6,27.4,66.7,1.34,0.83,clay,1674,0,3069.1
2019,Coast,Beans,1768.0,27.8,63.0,1.45,1.32,loam,476,0,322.5
2020,Rift Valley,Beans,1022.8,18.3,57.9,2.64,1.25,volcanic,2438,1,1296.0
2004,Eastern,Tea,510.7,17.0,74.7,0.89,1.7,clay,1180,0,2786.1
2019,Central,Coffee,719.3,19.8,53.4,0.25,0.48,volcanic,2260,1,1706.5
2022,Rift Valley,Coffee,840.5,21.8,37.0,2.69,1.2,volcanic,2408,1,1263.5
2003,North Eastern,Coffee,310.9,26.5,58.6,0.0,0.9,clay,434,0,139.7
2006,Eastern,Sorghum,442.5,26.4,50.6,3.79,1.24,clay,1284,0,1323.6
2020,Eastern,Sorghum,192.0,22.5,61.9,0.15,0.16,sandy,1197,1,900.5
2011,Nyanza,Tea,1298.3,23.7,37.5,3.19,0.95,clay,1443,1,5003.6
2022,North Eastern,Wheat,252.1,29.0,33.6,5.62,1.76,sandy,442,0,240.8
2007,Eastern,Beans,590.1,25.5,8.4,3.84,0.96,clay,583,0,383.8
2005,Rift Valley,Wheat,1079.7,21.2,29.7,3.52,3.57,volcanic,2753,1,4186.0
2016,Western,Beans,2135.9,21.5,42.9,0.46,1.65,loam,1446,0,316.5
2012,Central,Coffee,1532.6,18.1,69.0,2.88,0.75,loam,1998,1,1282.1
2018,Eastern,Coffee,604.7,22.0,14.3,4.71,1.9,sandy,1033,1,344.5
2002,Nyanza,Maize,918.6,23.3,47.6,4.8,3.38,clay,1229,0,1833.2
2020,Rift Valley,Maize,776.6,16.3,27.9,2.45,0.59,loam,2083,1,1497.0
2006,Western,Maize,1674.0,22.5,40.1,2.15,0.5,clay,1417,0,1276.3
2004,Rift Valley,Wheat,1014.3,15.8,25.0,3.38,2.24,loam,1553,1,2932.8
2009,Western,Coffee,1892.5,22.3,41.6,3.33,0.74,clay,1786,0,607.9
2013,Central,Wheat,1144.0,14.4,50.3,1.25,6.23,loam,2275,1,2852.4
2007,Nyanza,Beans,1665.1,22.7,17.5,5.0,1.14,loam,1336,0,595.0
2002,Central,Beans,1381.5,19.2,26.6,3.71,5.35,volcanic,2070,1,1155.5
2015,Rift Valley,Coffee,909.5,20.4,31.3,4.11,1.66,volcanic,1854,1,1329.9
2013,Western,Wheat,1551.1,19.9,51.4,2.0,0.94,clay,1604,0,1300.8
2022,North Eastern,Maize,144.7,27.1,95.1,2.04,2.25,clay,254,0,539.7
2004,North Eastern,Wheat,186.4,24.6,50.8,3.64,0.9,clay,558,1,476.3
2001,Central,Tea,1029.2,20.9,24.2,0.71,1.69,loam,2111,1,8722.0
2016,Central,Maize,1370.6,16.4,1.9,1.78,1.39,loam,2078,1,1289.1
2010,Coast,Wheat,781.1,27.2,25.8,3.53,0.81,sandy,300,1,436.8
2022,North Eastern,Beans,217.6,30.4,32.9,3.76,1.21,sandy,330,0,104.8
2014,Eastern,Maize,625.4,27.6,10.1,2.25,1.65,sandy,574,0,478.4
2005,Eastern,Maize,495.6,26.2,38.2,0.88,1.02,sandy,1012,0,585.2
2008,North Eastern,Beans,426.6,32.4,49.6,3.05,1.78,clay,190,0,115.8
2014,Nyanza,Maize,1265.6,20.6,0.0,2.15,1.48,loam,1474,0,1415.9
2004,Coast,Beans,1256.5,29.1,46.5,3.8,1.44,sandy,494,0,207.4
2012,Nyanza,Tea,1109.0,22.2,64.8,3.07,0.69,loam,1277,1,7470.7
2006,North Eastern,Sorghum,374.1,26.1,40.4,0.9,1.3,clay,551,0,973.9
2000,North Eastern,Sorghum,196.0,27.1,31.0,1.37,1.58,sandy,323,1,623.6
2021,Nyanza,Beans,1289.7,24.4,13.4,4.26,0.48,clay,1237,1,578.5
2014,North Eastern,Wheat,381.3,27.1,37.7,1.67,0.68,clay,154,0,402.8
2015,Eastern,Coffee,557.6,24.5,2.3,1.94,0.84,sandy,629,0,194.4
2017,Coast,Wheat,1201.3,30.1,58.8,2.4,0.56,loam,353,0,449.8
2005,Central,Wheat,1061.1,17.9,0.0,1.77,4.75,loam,2090,1,2907.4
2021,Rift Valley,Wheat,733.3,17.6,24.1,2.79,1.21,volcanic,2130,1,3746.7
2006,Nyanza,Beans,1839.3,25.4,49.8,2.93,0.58,loam,1367,1,609.7
2014,Central,Tea,1405.4,15.7,47.2,1.74,1.53,loam,1510,1,12578.9
2000,Eastern,Beans,646.4,28.0,43.9,3.56,1.27,sandy,734,0,290.6
2019,Central,Maize,1454.9,18.8,26.7,2.63,0.93,volcanic,1599,1,1642.4
2011,North Eastern,Wheat,326.3,34.2,27.4,2.65,1.71,clay,390,0,245.5
2014,Central,Maize,1187.1,10.3,44.9,2.05,0.68,loam,2109,1,873.3
2015,Rift Valley,Maize,954.5,19.8,63.8,1.27,2.9,volcanic,2735,1,2652.9
2005,Rift Valley,Beans,892.0,22.1,33.8,3.68,2.44,volcanic,2307,1,1299.3
2011,Rift Valley,Beans,701.4,17.9,35.1,0.81,0.96,loam,2218,1,893.7
2015,Rift Valley,Tea,933.4,21.9,27.8,2.66,2.28,volcanic,2292,1,8246.3
2023,Central,Tea,1366.1,15.3,41.4,1.78,1.89,loam,2622,1,11097.1
2021,North Eastern,Sorghum,364.7,29.1,42.2,4.95,0.65,clay,522,0,955.1
2019,Central,Sorghum,995.2,20.7,64.4,3.37,1.15,loam,2348,1,756.5
2022,Coast,Wheat,1144.3,28.4,24.2,3.21,5.04,sandy,65,0,340.5
2014,Central,Beans,1424.2,20.1,38.7,4.29,1.06,volcanic,1683,1,1440.4
2009,Eastern,Sorghum,560.2,24.4,86.1,0.4,2.36,clay,1187,0,1484.1
2015,Coast,Sorghum,1076.8,25.8,65.0,3.87,1.05,loam,595,0,845.3
2001,Coast,Wheat,761.3,28.8,65.6,0.0,1.92,sandy,88,0,255.7
2023,Eastern,Sorghum,428.0,26.5,44.5,2.53,0.68,clay,1008,1,1556.5
2010,Coast,Wheat,976.6,29.1,70.2,4.18,0.5,loam,496,0,685.2
2020,Coast,Maize,1087.4,29.6,0.0,2.97,1.57,sandy,113,0,431.8
2017,North Eastern,Wheat,199.7,25.6,66.9,3.43,2.34,clay,499,0,516.8
2018,Rift Valley,Beans,978.1,16.3,60.9,4.25,1.15,volcanic,2186,1,1314.5
2009,Western,Maize,1091.9,19.4,40.4,0.8,1.29,loam,1440,0,1412.7
2004,Nyanza,Tea,1591.4,24.7,74.2,4.31,1.84,clay,1517,0,5017.5
2002,Nyanza,Sorghum,662.5,21.0,37.7,4.9,2.16,loam,1719,0,1113.5
2013,Coast,Sorghum,908.6,29.1,49.8,3.21,1.03,loam,433,0,698.5
2021,Central,Coffee,1398.8,17.1,30.7,2.23,0.4,volcanic,1633,1,1232.2
2017,Central,Wheat,1300.0,14.2,47.4,0.0,2.09,loam,2079,1,2544.2
2017,Western,Maize,1405.0,23.5,28.8,1.81,2.78,clay,1347,1,1507.7
2006,Eastern,Wheat,696.7,27.8,33.1,1.55,0.78,clay,617,0,651.9
2011,Central,Sorghum,1071.8,18.3,60.5,3.4,4.19,volcanic,2371,1,847.6
2002,Nyanza,Wheat,1766.7,23.1,2.4,0.0,1.51,clay,1229,0,729.4
2006,Nyanza,Wheat,1288.8,20.3,25.7,3.28,1.69,loam,1481,0,1721.1
2009,Nyanza,Beans,1615.5,23.6,53.3,3.51,0.71,clay,1335,0,555.2
2012,Nyanza,Beans,1407.9,23.1,52.8,1.44,1.0,clay,1418,1,603.0
2009,Coast,Sorghum,1088.1,25.3,49.3,2.45,0.44,sandy,414,1,628.3
2001,Eastern,Beans,673.4,20.1,43.1,3.96,0.32,sandy,703,0,417.6
2018,Nyanza,Beans,1594.1,21.6,13.4,2.07,3.9,loam,1187,1,822.8
2000,North Eastern,Wheat,348.5,30.0,22.7,1.35,0.94,sandy,163,0,148.7
2001,Central,Maize,1329.1,18.4,57.8,3.13,1.47,loam,1690,1,1947.5
2014,Eastern,Wheat,535.0,24.6,30.8,1.99,1.44,clay,798,0,802.2
2023,Eastern,Beans,457.9,21.9,59.6,0.44,4.16,clay,1435,0,530.4
2020,Coast,Coffee,1033.3,25.9,63.3,2.28,1.38,loam,514,0,324.3
2016,Western,Tea,1450.2,24.5,41.9,5.09,1.8,clay,1926,0,4931.4
2004,Western,Maize,1994.5,24.0,57.4,1.82,0.72,loam,1391,0,1509.8
2023,Central,Tea,1085.6,18.6,16.4,1.57,0.39,loam,1608,1,10491.3
2012,Western,Sorghum,1494.6,24.1,42.4,1.37,3.03,loam,1682,0,491.3
2020,Rift Valley,Tea,796.5,19.4,39.7,4.28,7.92,volcanic,1810,1,11381.5
2014,Coast,Maize,663.7,24.6,61.1,0.0,1.6,loam,586,0,1208.9
2013,Western,Sorghum,1793.5,23.7,51.5,1.75,2.23,loam,1651,0,291.4
2012,Western,Coffee,1473.3,22.5,69.7,0.0,1.16,clay,1982,1,655.6
2011,Western,Beans,1834.6,24.4,25.1,3.39,0.97,clay,1355,0,367.4
2015,Central,Maize,1083.9,15.8,38.1,2.14,2.95,volcanic,1833,1,1667.0
2006,Central,Coffee,1511.3,18.9,0.0,4.87,2.35,loam,2096,1,1385.0
2019,Western,Beans,2200.9,21.9,44.0,4.08,2.93,clay,1865,1,451.6
2010,North Eastern,Sorghum,221.7,29.4,43.6,1.28,0.48,clay,480,0,957.3
2015,Nyanza,Sorghum,1634.9,22.1,48.2,3.33,1.84,clay,1245,0,319.3
2015,Rift Valley,Tea,970.0,20.8,28.4,1.81,2.35,loam,1561,1,8583.8
2004,Central,Sorghum,1173.9,17.9,31.3,3.2,1.99,loam,2842,1,613.6
2009,Western,Tea,1829.6,18.9,20.2,3.91,0.68,clay,1906,0,6021.5
2014,North Eastern,Coffee,409.0,33.9,72.8,3.61,1.42,sandy,423,0,100.0
2011,Nyanza,Sorghum,1316.7,25.6,48.4,4.47,1.16,loam,1252,0,996.3
2020,North Eastern,Maize,222.3,30.5,29.1,2.09,4.36,sandy,423,0,292.7
2019,North Eastern,Coffee,312.7,24.9,60.6,3.21,1.61,sandy,557,0,132.7
2007,North Eastern,Beans,222.5,32.7,34.1,4.37,0.84,clay,262,0,139.7
2011,Coast,Coffee,1479.5,29.5,40.2,2.14,1.42,sandy,422,0,141.6
2015,Western,Tea,1610.0,19.7,24.7,0.0,0.71,clay,1298,0,5176.1
2022,Nyanza,Beans,1066.3,20.7,65.5,0.8,1.93,loam,1317,0,821.2
2006,Central,Coffee,1145.7,13.3,38.7,2.38,3.12,loam,2485,1,895.6
2012,North Eastern,Wheat,421.6,32.7,52.8,3.03,0.85,sandy,155,0,211.0
2002,Coast,Coffee,856.4,29.0,72.4,1.72,0.53,sandy,98,0,187.2
2008,Coast,Beans,805.6,24.2,35.6,0.47,1.56,loam,345,0,386.9
2001,Western,Tea,2037.7,21.9,45.1,1.55,1.83,loam,1920,0,5964.4
2012,Western,Beans,1478.3,22.0,41.3,1.41,0.71,clay,1793,0,599.3
2014,Eastern,Maize,701.4,19.5,45.5,2.1,1.26,sandy,690,0,778.6
2018,Nyanza,Wheat,1606.7,21.6,34.5,2.48,1.5,clay,1595,0,1046.2
2000,North Eastern,Coffee,345.6,28.6,24.0,4.03,0.55,sandy,386,0,100.0
2002,Eastern,Tea,822.5,28.0,58.2,3.69,2.2,sandy,1417,1,1305.5
2011,Coast,Coffee,1327.3,27.1,37.0,0.35,0.93,sandy,576,0,178.0
2021,Coast,Maize,1473.8,29.5,30.6,3.31,0.98,sandy,432,1,479.0
2014,Coast,Maize,1327.1,30.1,21.2,4.9,0.49,loam,435,1,858.3
2006,Western,Coffee,1495.8,21.9,47.9,2.9,3.32,clay,1577,0,494.7
2006,Nyanza,Wheat,1434.3,23.0,18.2,4.16,1.66,clay,1280,0,1127.4
2022,North Eastern,Coffee,393.5,30.9,54.6,4.59,1.37,sandy,232,0,100.0
2005,Coast,Beans,745.0,27.4,41.3,3.15,1.06,loam,143,0,364.0
2013,Central,Sorghum,761.6,14.2,53.6,2.52,2.06,loam,2557,1,510.0
2021,Nyanza,Coffee,1727.9,24.9,48.3,2.58,2.14,clay,1721,0,549.7
2010,Coast,Coffee,410.6,25.0,40.0,1.68,5.44,loam,464,0,419.3
2012,Rift Valley,Beans,991.0,18.8,25.8,3.48,2.43,volcanic,2371,1,1012.3
2023,Nyanza,Sorghum,1457.9,26.4,8.7,1.6,2.4,loam,1484,0,543.7
2001,Central,Wheat,1709.2,20.4,29.5,0.32,1.02,volcanic,1546,1,2057.9
2000,Central,Coffee,1313.6,14.9,67.3,4.96,12.26,loam,2838,1,1095.0
2016,Western,Beans,1567.0,22.1,10.0,1.33,3.48,clay,1212,0,496.1
2018,North Eastern,Wheat,343.6,34.0,61.2,3.21,1.36,clay,578,0,282.8
2015,Central,Coffee,1434.6,17.7,37.9,3.17,0.45,volcanic,1776,1,1251.7
2023,Nyanza,Wheat,1442.9,24.7,53.9,3.37,0.77,loam,1754,0,1024.1
2009,Nyanza,Beans,1584.0,25.3,11.6,5.13,0.23,loam,1491,1,623.0
2001,Nyanza,Sorghum,1539.0,22.3,34.5,0.66,2.01,clay,1526,0,366.6
2019,Coast,Tea,1070.2,30.1,23.3,4.64,1.27,loam,598,1,1101.7
2006,Central,Wheat,1498.6,16.7,52.4,4.68,2.78,volcanic,2100,1,3113.5
2011,Eastern,Maize,720.2,22.0,35.9,4.18,3.55,clay,1325,1,1379.7
2000,Western,Sorghum,1324.2,23.6,43.7,1.87,0.36,loam,1986,0,723.0
2022,Central,Wheat,1340.7,16.8,34.5,1.96,1.29,loam,2257,1,2567.0
2008,Nyanza,Maize,1470.2,25.3,52.5,2.25,3.48,loam,1774,0,1201.6
2006,Rift Valley,Wheat,742.7,19.7,4.9,3.18,0.73,loam,2400,1,2838.0
2000,Western,Beans,1444.0,21.4,60.5,3.86,0.67,clay,1753,0,630.9
2013,Eastern,Maize,596.1,23.8,52.5,2.17,1.09,clay,1066,1,1503.8
2006,Nyanza,Beans,1690.1,21.6,46.2,3.32,0.74,clay,1487,0,565.8
2012,Eastern,Beans,715.7,22.9,65.2,1.7,0.66,sandy,1032,0,344.1
2006,Coast,Coffee,696.2,24.5,31.1,1.74,1.95,loam,239,0,379.7
2021,Central,Tea,1133.3,18.8,57.6,1.08,1.19,volcanic,1744,1,13604.7
2018,North Eastern,Wheat,220.7,34.6,26.0,0.71,1.17,clay,305,0,228.0
2012,Eastern,Wheat,498.8,30.9,47.5,3.05,1.74,sandy,599,0,379.8
2009,North Eastern,Tea,324.5,36.2,52.1,3.21,1.96,sandy,317,0,167.8
2004,Central,Coffee,1037.9,18.7,38.6,2.54,1.19,volcanic,2994,1,1691.3
2012,Rift Valley,Maize,903.0,17.1,52.9,2.53,0.27,volcanic,1608,1,2595.7
2004,Coast,Maize,540.2,28.5,63.0,0.14,1.8,loam,583,0,937.2
2003,North Eastern,Beans,216.0,29.9,39.3,1.71,0.66,sandy,215,0,107.2
2004,Western,Wheat,2073.9,21.7,44.0,2.4,0.76,clay,1409,0,698.5
2001,North Eastern,Beans,209.8,25.8,35.6,2.31,1.45,clay,536,0,219.9
2023,North Eastern,Coffee,113.8,29.3,82.9,0.18,0.34,clay,227,0,100.0
2014,Rift Valley,Coffee,902.5,24.7,6.6,4.09,1.2,volcanic,2370,1,1071.0
2017,Rift Valley,Wheat,943.1,18.3,31.2,0.83,2.7,loam,2479,1,3327.1
2021,Nyanza,Wheat,1473.9,21.6,34.4,0.8,3.25,loam,1105,0,1371.1
2013,Central,Tea,1213.8,11.4,34.7,3.17,1.73,loam,2382,1,9690.4
2004,Coast,Maize,1187.8,30.7,27.2,4.17,1.64,sandy,85,0,448.7
2016,North Eastern,Coffee,281.5,35.0,46.5,2.17,2.41,clay,175,0,100.0
2011,North Eastern,Beans,270.8,30.4,24.8,2.82,3.94,clay,363,0,136.0
2022,Western,Coffee,1726.5,20.5,83.3,4.29,1.57,loam,1639,0,1056.9
2020,Rift Valley,Tea,875.0,19.0,44.4,1.83,1.17,loam,1933,1,10091.8
2012,Central,Coffee,1115.2,15.5,54.7,0.19,2.0,loam,2120,1,1073.9
2002,Eastern,Wheat,471.4,19.9,24.3,5.42,2.26,sandy,889,0,902.5
2008,Eastern,Tea,674.4,22.1,45.8,1.95,1.19,clay,1137,0,1479.0
2006,Central,Wheat,1535.5,15.9,51.4,4.94,1.04,volcanic,2604,1,3338.9
2009,North Eastern,Wheat,334.7,25.9,64.2,2.89,1.04,sandy,297,0,341.9
2023,Coast,Maize,1535.4,28.0,35.5,1.11,10.54,loam,87,0,657.1
2015,Western,Coffee,1685.9,21.9,40.7,1.36,1.15,loam,1897,0,642.1
2012,Western,Tea,1586.4,19.4,57.4,3.62,0.84,loam,1367,0,9109.8
2015,Eastern,Wheat,525.7,25.3,22.3,2.7,1.03,clay,1167,0,638.4
2022,Eastern,Beans,418.1,21.5,35.5,2.92,1.21,clay,1323,0,517.2
2020,Coast,Coffee,1008.8,29.0,20.4,0.39,1.46,loam,387,0,224.0
2003,Eastern,Sorghum,593.8,24.8,45.8,2.67,2.48,clay,562,0,1261.0
2017,North Eastern,Wheat,218.8,24.6,44.8,2.12,0.62,sandy,172,1,332.2
2003,Western,Coffee,1046.4,23.6,56.6,3.77,1.67,clay,1808,1,624.0
2002,Nyanza,Coffee,1381.2,23.5,41.7,3.7,2.58,clay,1277,0,568.2
2012,Coast,Sorghum,882.5,24.2,49.8,0.8,0.69,sandy,530,0,457.1
2018,Eastern,Wheat,356.9,19.8,28.3,4.06,0.47,sandy,1198,0,547.5
2004,Nyanza,Sorghum,1646.8,21.1,53.9,4.16,2.47,loam,1209,0,431.7
2003,Nyanza,Sorghum,1291.5,23.4,0.0,1.83,2.3,loam,1107,1,794.2
2000,Coast,Beans,1037.6,27.1,42.4,3.31,1.4,loam,281,1,504.0
2020,Coast,Coffee,1135.4,25.7,64.7,3.46,4.02,loam,194,0,378.8
2006,North Eastern,Sorghum,340.2,30.1,40.0,1.66,1.63,clay,203,0,895.6
2011,North Eastern,Maize,282.6,34.6,75.7,2.61,7.62,sandy,294,0,229.3
2022,Coast,Wheat,528.3,27.4,47.8,2.61,0.56,sandy,183,0,323.1
2021,Western,Beans,1474.0,21.8,47.0,1.77,0.84,loam,1626,0,704.7
2021,Western,Coffee,1830.8,22.9,31.7,2.3,1.08,clay,1735,0,476.1
2003,Rift Valley,Tea,629.8,16.4,49.6,3.32,1.98,volcanic,2621,1,13429.0
2005,North Eastern,Beans,298.7,36.4,23.3,2.1,2.87,sandy,579,1,105.7
2012,Coast,Tea,856.3,26.3,53.9,1.91,2.83,loam,353,0,1435.9
2002,North Eastern,Tea,299.5,30.8,9.5,1.7,1.18,sandy,323,0,164.9
2012,Eastern,Sorghum,836.8,27.5,67.0,2.54,1.69,clay,731,0,1227.0
2018,Central,Tea,1121.8,20.0,26.8,4.49,2.39,loam,1974,1,9511.0
2000,Central,Maize,1247.1,17.1,71.2,3.49,0.83,volcanic,1814,1,2143.6
2012,Eastern,Tea,447.0,27.5,61.4,0.57,0.63,sandy,1372,0,1062.9
2001,Central,Sorghum,1091.9,15.4,32.0,1.83,2.07,volcanic,1862,1,453.3
2001,North Eastern,Beans,219.3,30.5,46.8,5.31,2.63,sandy,320,0,115.8
2011,Nyanza,Coffee,1561.4,21.1,23.1,2.59,1.52,loam,1248,0,632.1
2010,Eastern,Maize,601.4,27.7,24.4,1.52,1.09,sandy,1490,1,497.9
2005,Coast,Sorghum,1140.0,31.0,21.0,5.12,2.59,sandy,275,0,295.2
2022,North Eastern,Coffee,193.0,26.7,53.6,0.78,2.15,sandy,455,0,100.0
2021,Rift Valley,Wheat,750.7,19.8,51.3,3.99,1.23,loam,2687,1,3964.9
2001,Central,Sorghum,1086.7,18.7,44.2,1.02,1.34,volcanic,2035,1,779.6
2018,North Eastern,Beans,337.6,31.6,27.9,3.14,0.82,sandy,519,1,117.0
2021,Coast,Beans,1041.6,25.8,22.6,2.65,2.92,loam,135,0,367.9
2014,Rift Valley,Wheat,663.6,21.0,26.0,2.69,1.03,volcanic,2431,1,3086.7
2020,Rift Valley,Coffee,632.8,20.4,65.8,6.38,0.58,loam,2569,1,1532.6
2006,Coast,Sorghum,1408.2,25.4,0.0,2.78,4.76,loam,502,0,531.1
2019,Rift Valley,Maize,1330.1,17.0,61.7,1.42,0.73,loam,2717,1,1723.4
2002,Western,Beans,1314.2,22.2,44.7,1.42,0.89,clay,1782,0,625.9
2018,Central,Coffee,1420.7,16.2,38.7,3.22,2.88,volcanic,1961,1,1243.6
2013,Western,Beans,1907.7,25.4,51.3,1.18,5.42,loam,1776,0,411.6
2003,Western,Sorghum,1394.5,19.6,28.6,2.31,0.64,clay,1462,0,349.1
2000,Eastern,Coffee,543.0,21.6,10.3,0.0,1.23,clay,780,0,339.2
2001,Nyanza,Wheat,1692.7,23.0,53.7,0.0,1.85,clay,1209,0,850.3
2017,Nyanza,Beans,1363.8,22.3,36.4,1.43,1.05,clay,1610,1,836.6
2023,North Eastern,Coffee,223.8,28.0,11.9,5.12,0.57,sandy,460,0,100.0
2018,North Eastern,Tea,225.9,35.4,39.2,0.35,1.48,sandy,541,0,143.2
2002,Eastern,Tea,231.0,24.1,45.4,4.89,1.47,clay,591,0,1992.6
2022,Western,Coffee,1799.5,18.3,40.9,3.34,4.95,loam,1491,1,885.8
2021,Nyanza,Tea,1629.6,25.1,50.0,0.0,1.21,loam,1716,0,3580.9
2015,Nyanza,Maize,1070.9,24.6,57.4,2.99,2.4,clay,1208,0,1445.5
2023,Rift Valley,Wheat,1134.4,22.0,23.7,0.32,1.67,volcanic,2798,1,2582.4
2005,Rift Valley,Coffee,421.8,17.0,59.6,2.13,1.56,loam,2638,1,927.3
2022,Coast,Tea,691.0,32.9,58.7,2.21,0.79,loam,481,0,983.3
2002,Central,Beans,1738.1,15.9,31.3,1.19,3.3,loam,2647,1,643.4
2002,Nyanza,Wheat,986.7,21.1,50.3,3.27,1.94,loam,1121,0,2721.6
2001,Western,Beans,1537.8,23.3,40.9,3.44,2.21,loam,1665,0,831.4
2000,Rift Valley,Tea,908.9,16.3,61.2,2.62,0.39,volcanic,2447,1,13880.4
2016,Western,Tea,1621.8,22.0,91.7,0.5,0.34,clay,1887,0,5838.6
2003,North Eastern,Sorghum,319.7,26.8,19.7,1.6,1.78,sandy,419,0,645.6
2002,Eastern,Maize,663.6,23.2,0.0,2.95,1.35,clay,1311,0,929.6
2004,Rift Valley,Maize,950.1,17.7,49.1,2.1,2.58,loam,2036,1,1815.3
2017,Eastern,Tea,470.7,25.8,64.8,2.53,1.68,clay,1186,1,2276.3
2013,Nyanza,Beans,1324.3,24.2,54.8,3.5,1.66,clay,1466,0,582.3
2009,Rift Valley,Tea,578.7,18.0,43.8,4.89,1.19,loam,1692,1,10826.7
2021,Rift Valley,Tea,735.2,17.6,81.0,2.5,2.33,volcanic,1867,1,13342.0
2004,Western,Maize,2152.0,22.3,60.0,2.56,0.65,loam,1591,0,1614.1
2016,Coast,Tea,1032.4,33.2,43.9,2.59,1.45,loam,302,0,927.9
2004,Western,Coffee,1500.3,22.2,63.7,2.89,0.85,loam,1440,0,877.5
2008,Central,Maize,1032.7,13.3,71.8,1.42,1.6,loam,1744,1,1363.4
2016,Nyanza,Maize,1685.0,23.5,9.3,2.21,1.67,loam,1174,0,1338.4
2012,North Eastern,Coffee,301.8,31.0,18.0,2.57,2.1,sandy,304,1,100.0
2020,North Eastern,Beans,318.8,27.5,46.1,1.4,0.72,clay,510,0,185.1
2009,Coast,Wheat,749.7,26.6,42.4,1.29,1.31,sandy,579,1,491.9
2011,Western,Maize,1962.7,25.6,6.3,0.96,1.11,loam,1253,0,879.2
2009,Coast,Coffee,926.8,29.9,63.8,0.66,2.05,sandy,92,0,159.5
2001,Central,Wheat,1062.1,15.6,29.0,1.61,0.55,volcanic,2555,1,2963.7
2005,Western,Beans,1660.8,21.1,52.2,1.03,0.51,loam,1962,0,568.4
2019,Western,Sorghum,1764.0,23.5,37.2,3.41,1.6,loam,1362,0,236.7
2009,North Eastern,Sorghum,356.6,32.0,19.5,3.07,2.71,sandy,210,0,520.8
2016,Eastern,Maize,582.5,20.7,28.2,1.24,0.88,sandy,735,0,617.2
2006,Rift Valley,Sorghum,731.0,20.1,39.3,0.11,1.81,volcanic,2038,1,1006.4
2008,North Eastern,Beans,288.9,24.8,88.8,1.8,2.28,clay,360,0,284.4
2019,Coast,Sorghum,702.8,26.9,42.0,1.74,0.46,sandy,394,0,449.4
2008,Coast,Beans,977.8,27.1,43.9,1.36,0.61,loam,502,0,401.0
2014,Rift Valley,Wheat,1026.6,18.2,1.3,2.28,0.26,loam,2475,1,3018.1
2002,Nyanza,Coffee,1140.0,23.7,105.7,3.54,9.16,clay,1674,1,956.3
2000,Nyanza,Beans,1356.5,23.1,60.5,2.21,0.9,clay,1635,0,609.7
2023,Coast,Sorghum,113.7,26.7,27.5,1.03,1.47,sandy,143,1,461.2
2013,Coast,Sorghum,514.7,28.9,66.6,5.33,1.7,loam,353,0,961.2
2016,Coast,Sorghum,1209.2,27.3,16.9,4.42,3.16,loam,101,1,757.0
2021,Rift Valley,Tea,763.2,15.3,61.1,1.46,3.12,volcanic,2473,1,13382.9
2010,Western,Wheat,1614.0,21.4,62.9,0.0,1.33,clay,1251,0,1018.7
2009,North Eastern,Coffee,224.3,35.6,26.6,2.63,1.11,clay,463,0,100.0
2010,Coast,Sorghum,1053.3,25.3,47.6,3.42,2.0,sandy,506,0,521.9
2009,Rift Valley,Beans,1185.9,18.4,43.4,3.59,1.99,loam,1854,1,1056.8
2008,Coast,Tea,719.3,25.8,17.5,5.57,1.96,sandy,444,0,794.6
2005,Coast,Coffee,708.5,25.2,27.5,3.79,2.63,sandy,146,0,221.8
2009,Rift Valley,Coffee,940.5,15.9,40.8,0.37,1.86,loam,2357,1,817.6
2017,Coast,Beans,1171.9,24.4,32.8,2.95,1.54,loam,17,0,548.6
2022,Nyanza,Tea,1202.6,20.4,5.2,4.11,1.06,loam,1232,0,5276.4
2006,Rift Valley,Beans,1004.5,17.7,19.6,1.28,0.98,loam,2434,1,907.0
2022,Eastern,Wheat,530.0,20.0,82.9,1.8,1.51,sandy,1126,1,1198.9
2012,Rift Valley,Sorghum,1140.4,19.0,41.2,2.1,2.18,volcanic,2720,1,835.8
2011,Western,Wheat,1967.0,21.9,92.0,0.0,2.19,clay,1752,0,813.2
2016,North Eastern,Maize,301.8,23.8,38.2,2.52,2.35,clay,342,0,707.1
